deployment_id,range,dist_cov
Day 4:101:H2CC07T101,185.67,3.60296312665784
Day 4:101:H2CC07T101,221.15,3.60296312665784
Day 4:101:H2CC07T101,146.67,3.60296312665784
Day 4:101:H2CC07T101,188.96,3.60296312665784
Day 4:101:H2CC07T101,215.25,3.60296312665784
Day 4:101:H2CC07T101,165.06,3.60296312665784
Day 4:101:H2CC07T101,193.95,3.60296312665784
Day 4:101:H2CC07T101,259.96,3.60296312665784
Day 4:101:H2CC07T101,170.52,3.60296312665784
Day 4:101:H2CC07T101,233.39,3.60296312665784
Day 4:101:H2CC07T101,226.78,3.60296312665784
Day 4:101:H2CC07T101,279.26,3.60296312665784
Day 4:101:H2CC07T101,401.39,3.60296312665784
Day 4:101:H2CC07T101,208.5,3.60296312665784
Day 4:101:H2CC07T101,265.14,3.60296312665784
Day 4:101:H2CC07T101,200.7,3.60296312665784
Day 4:101:H2CC07T101,384.48,3.60296312665784
Day 4:101:H2CC07T101,164.99,3.60296312665784
Day 4:101:H2CC07T101,594.19,3.60296312665784
Day 4:101:H2CC07T101,192.35,3.60296312665784
Day 4:101:H2CC07T101,225.82,3.60296312665784
Day 4:101:H2CC07T101,421.35,3.60296312665784
Day 4:101:H2CC07T101,238.2,3.60296312665784
Day 4:101:H2CC07T101,165.86,3.60296312665784
Day 4:101:H2CC07T101,362.2,3.60296312665784
Day 4:101:H2CC07T101,170.99,3.60296312665784
Day 4:101:H2CC07T101,142.07,3.60296312665784
Day 4:101:H2CC07T101,415.39,3.60296312665784
Day 4:103:H2CC09T103,465.45,3.48401264477667
Day 4:103:H2CC09T103,193.74,3.48401264477667
Day 4:103:H2CC09T103,390.7,3.48401264477667
Day 4:103:H2CC09T103,201.92,3.48401264477667
Day 4:103:H2CC09T103,343,3.48401264477667
Day 4:103:H2CC09T103,208.8,3.48401264477667
Day 4:103:H2CC09T103,387.05,3.48401264477667
Day 4:103:H2CC09T103,350.8,3.48401264477667
Day 4:103:H2CC09T103,375.99,3.48401264477667
Day 4:103:H2CC09T103,379.48,3.48401264477667
Day 4:103:H2CC09T103,385.84,3.48401264477667
Day 4:103:H2CC09T103,385.04,3.48401264477667
Day 4:103:H2CC09T103,354.61,3.48401264477667
Day 4:103:H2CC09T103,364.3,3.48401264477667
Day 4:103:H2CC09T103,362.07,3.48401264477667
Day 4:103:H2CC09T103,219.73,3.48401264477667
Day 4:103:H2CC09T103,221.86,3.48401264477667
Day 4:103:H2CC09T103,484.27,3.48401264477667
Day 4:103:H2CC09T103,330.51,3.48401264477667
Day 4:103:H2CC09T103,352.47,3.48401264477667
Day 4:103:H2CC09T103,333.86,3.48401264477667
Day 4:103:H2CC09T103,431.29,3.48401264477667
Day 4:103:H2CC09T103,350.89,3.48401264477667
Day 4:103:H2CC09T103,202.55,3.48401264477667
Day 4:103:H2CC09T103,335.93,3.48401264477667
Day 4:103:H2CC09T103,203.57,3.48401264477667
Day 4:103:H2CC09T103,335.36,3.48401264477667
Day 4:103:H2CC09T103,368.35,3.48401264477667
Day 4:103:H2CC09T103,201.77,3.48401264477667
Day 4:103:H2CC09T103,310.18,3.48401264477667
Day 4:103:H2CC09T103,201.43,3.48401264477667
Day 4:103:H2CC09T103,313.15,3.48401264477667
Day 4:103:H2CC09T103,339.28,3.48401264477667
Day 4:103:H2CC09T103,205,3.48401264477667
Day 4:103:H2CC09T103,314.06,3.48401264477667
Day 4:103:H2CC09T103,336.35,3.48401264477667
Day 4:103:H2CC09T103,203.43,3.48401264477667
Day 4:103:H2CC09T103,310.03,3.48401264477667
Day 4:103:H2CC09T103,204.51,3.48401264477667
Day 4:103:H2CC09T103,314.04,3.48401264477667
Day 4:103:H2CC09T103,363.4,3.48401264477667
Day 4:103:H2CC09T103,207.36,3.48401264477667
Day 4:103:H2CC09T103,319.1,3.48401264477667
Day 4:103:H2CC09T103,397.74,3.48401264477667
Day 4:103:H2CC09T103,308.06,3.48401264477667
Day 4:103:H2CC09T103,281.96,3.48401264477667
Day 4:103:H2CC09T103,353.94,3.48401264477667
Day 4:103:H2CC09T103,304.62,3.48401264477667
Day 4:103:H2CC09T103,306.8,3.48401264477667
Day 4:103:H2CC09T103,307.87,3.48401264477667
Day 4:103:H2CC09T103,315.33,3.48401264477667
Day 4:103:H2CC09T103,320.44,3.48401264477667
Day 4:103:H2CC09T103,334.5,3.48401264477667
Day 4:103:H2CC09T103,441.11,3.48401264477667
Day 4:103:H2CC09T103,392.36,3.48401264477667
Day 4:103:H2CC09T103,390.08,3.48401264477667
Day 4:103:H2CC09T103,405.36,3.48401264477667
Day 4:103:H2CC09T103,360.49,3.48401264477667
Day 4:103:H2CC09T103,380.69,3.48401264477667
Day 4:103:H2CC09T103,405.24,3.48401264477667
Day 4:103:H2CC09T103,389.83,3.48401264477667
Day 4:103:H2CC09T103,380.22,3.48401264477667
Day 4:103:H2CC09T103,388.6,3.48401264477667
Day 4:103:H2CC09T103,346.03,3.48401264477667
Day 4:103:H2CC09T103,416.79,3.48401264477667
Day 4:103:H2CC09T103,369.87,3.48401264477667
Day 4:103:H2CC09T103,423.25,3.48401264477667
Day 4:103:H2CC09T103,401.01,3.48401264477667
Day 4:103:H2CC09T103,354.82,3.48401264477667
Day 4:103:H2CC09T103,380.9,3.48401264477667
Day 4:103:H2CC09T103,390.79,3.48401264477667
Day 4:103:H2CC09T103,387.53,3.48401264477667
Day 4:103:H2CC09T103,380.98,3.48401264477667
Day 4:103:H2CC09T103,363.91,3.48401264477667
Day 4:103:H2CC09T103,376.06,3.48401264477667
Day 4:103:H2CC09T103,368.8,3.48401264477667
Day 4:103:H2CC09T103,368.63,3.48401264477667
Day 4:103:H2CC09T103,380.78,3.48401264477667
Day 4:103:H2CC09T103,386.34,3.48401264477667
Day 4:105:H2D15T105,210.45,2.2459385643101
Day 4:105:H2D15T105,293.8,2.2459385643101
Day 4:105:H2D15T105,283.06,2.2459385643101
Day 4:105:H2D15T105,470.8,2.2459385643101
Day 4:105:H2D15T105,209.68,2.2459385643101
Day 4:105:H2D15T105,216,2.2459385643101
Day 4:105:H2D15T105,295.97,2.2459385643101
Day 4:105:H2D15T105,289.54,2.2459385643101
Day 4:105:H2D15T105,299.41,2.2459385643101
Day 4:105:H2D15T105,292.64,2.2459385643101
Day 4:105:H2D15T105,283.45,2.2459385643101
Day 4:105:H2D15T105,282.61,2.2459385643101
Day 4:105:H2D15T105,304.97,2.2459385643101
Day 4:105:H2D15T105,188.69,2.2459385643101
Day 4:105:H2D15T105,185.62,2.2459385643101
Day 4:105:H2D15T105,219.49,2.2459385643101
Day 4:105:H2D15T105,213.85,2.2459385643101
Day 4:105:H2D15T105,208.54,2.2459385643101
Day 4:105:H2D15T105,295.27,2.2459385643101
Day 4:105:H2D15T105,297.7,2.2459385643101
Day 4:105:H2D15T105,233.5,2.2459385643101
Day 4:105:H2D15T105,212.13,2.2459385643101
Day 4:105:H2D15T105,387.92,2.2459385643101
Day 4:105:H2D15T105,212.66,2.2459385643101
Day 4:105:H2D15T105,212.45,2.2459385643101
Day 4:105:H2D15T105,258.35,2.2459385643101
Day 4:105:H2D15T105,292.51,2.2459385643101
Day 4:105:H2D15T105,293.27,2.2459385643101
Day 4:105:H2D15T105,292.16,2.2459385643101
Day 4:105:H2D15T105,286.46,2.2459385643101
Day 4:105:H2D15T105,287.94,2.2459385643101
Day 4:105:H2D15T105,283.75,2.2459385643101
Day 4:105:H2D15T105,280.14,2.2459385643101
Day 4:105:H2D15T105,205.75,2.2459385643101
Day 4:105:H2D15T105,311.61,2.2459385643101
Day 4:105:H2D15T105,310.46,2.2459385643101
Day 4:105:H2D15T105,208.4,2.2459385643101
Day 4:105:H2D15T105,186.48,2.2459385643101
Day 4:105:H2D15T105,373.63,2.2459385643101
Day 4:105:H2D15T105,174.01,2.2459385643101
Day 4:105:H2D15T105,196.24,2.2459385643101
Day 5:103:D1D28T103,267.27,3.37793965969237
Day 5:103:D1D28T103,173.63,3.37793965969237
Day 5:103:D1D28T103,133.87,3.37793965969237
Day 5:103:D1D28T103,197.49,3.37793965969237
Day 5:103:D1D28T103,425.96,3.37793965969237
Day 5:103:D1D28T103,148.84,3.37793965969237
Day 5:103:D1D28T103,102.24,3.37793965969237
Day 5:103:D1D28T103,63.47,3.37793965969237
Day 5:103:D1D28T103,137.01,3.37793965969237
Day 5:103:D1D28T103,122.83,3.37793965969237
Day 5:103:D1D28T103,188.69,3.37793965969237
Day 5:103:D1D28T103,80.44,3.37793965969237
Day 5:103:D1D28T103,124.28,3.37793965969237
Day 5:103:D1D28T103,259.81,3.37793965969237
Day 5:103:D1D28T103,359.18,3.37793965969237
Day 5:103:D1D28T103,134.17,3.37793965969237
Day 5:103:D1D28T103,267.57,3.37793965969237
Day 5:103:D1D28T103,390.48,3.37793965969237
Day 5:103:D1D28T103,388.26,3.37793965969237
Day 5:103:D1D28T103,82.44,3.37793965969237
Day 5:103:D1D28T103,140.37,3.37793965969237
Day 5:103:D1D28T103,133.92,3.37793965969237
Day 5:103:D1D28T103,104.36,3.37793965969237
Day 5:103:D1D28T103,207.59,3.37793965969237
Day 5:103:D1D28T103,154.15,3.37793965969237
Day 5:103:D1D28T103,118.66,3.37793965969237
Day 5:103:D1D28T103,264.75,3.37793965969237
Day 5:103:D1D28T103,374.18,3.37793965969237
Day 5:103:D1D28T103,114.76,3.37793965969237
Day 5:103:D1D28T103,119.62,3.37793965969237
Day 5:103:D1D28T103,135.77,3.37793965969237
Day 5:103:D1D28T103,136.33,3.37793965969237
Day 5:103:D1D28T103,225.97,3.37793965969237
Day 5:103:D1D28T103,338.91,3.37793965969237
Day 5:103:D1D28T103,57.67,3.37793965969237
Day 5:103:D1D28T103,107.17,3.37793965969237
Day 5:103:D1D28T103,260.43,3.37793965969237
Day 5:103:D1D28T103,91.65,3.37793965969237
Day 5:103:D1D28T103,177.74,3.37793965969237
Day 5:103:D1D28T103,205.93,3.37793965969237
Day 5:103:D1D28T103,152.85,3.37793965969237
Day 5:103:D1D28T103,108.9,3.37793965969237
Day 5:103:D1D28T103,291.65,3.37793965969237
Day 5:103:D1D28T103,146.47,3.37793965969237
Day 5:103:D1D28T103,121.44,3.37793965969237
Day 5:103:D1D28T103,306.62,3.37793965969237
Day 5:103:D1D28T103,257.92,3.37793965969237
Day 5:103:D1D28T103,91.45,3.37793965969237
Day 5:103:D1D28T103,131.17,3.37793965969237
Day 5:103:D1D28T103,142.25,3.37793965969237
Day 5:103:D1D28T103,228.49,3.37793965969237
Day 5:103:D1D28T103,443.47,3.37793965969237
Day 5:103:D1D28T103,138.81,3.37793965969237
Day 5:103:D1D28T103,133.74,3.37793965969237
Day 5:103:D1D28T103,202.28,3.37793965969237
Day 5:103:D1D28T103,369.7,3.37793965969237
Day 5:103:D1D28T103,318.24,3.37793965969237
Day 5:103:D1D28T103,115.35,3.37793965969237
Day 5:103:D1D28T103,220.94,3.37793965969237
Day 5:103:D1D28T103,128.85,3.37793965969237
Day 5:103:D1D28T103,431.89,3.37793965969237
Day 5:103:D1D28T103,350.77,3.37793965969237
Day 5:103:D1D28T103,264.4,3.37793965969237
Day 5:103:D1D28T103,308,3.37793965969237
Day 5:103:D1D28T103,499.96,3.37793965969237
Day 5:103:D1D28T103,147.21,3.37793965969237
Day 5:103:D1D28T103,123.53,3.37793965969237
Day 5:103:D1D28T103,357.35,3.37793965969237
Day 5:103:D1D28T103,131.44,3.37793965969237
Day 5:103:D1D28T103,188.34,3.37793965969237
Day 5:103:D1D28T103,235.78,3.37793965969237
Day 5:103:D1D28T103,124.28,3.37793965969237
Day 5:103:D1D28T103,182.5,3.37793965969237
Day 5:103:D1D28T103,133.35,3.37793965969237
Day 5:103:D1D28T103,185.99,3.37793965969237
Day 5:103:D1D28T103,246.81,3.37793965969237
Day 5:103:D1D28T103,559.06,3.37793965969237
Day 5:103:D1D28T103,88.39,3.37793965969237
Day 5:103:D1D28T103,296.4,3.37793965969237
Day 5:103:D1D28T103,263.22,3.37793965969237
Day 5:103:D1D28T103,426.69,3.37793965969237
Day 5:103:D1D28T103,88.95,3.37793965969237
Day 5:103:D1D28T103,298.86,3.37793965969237
Day 5:103:D1D28T103,271.77,3.37793965969237
Day 5:103:D1D28T103,313.11,3.37793965969237
Day 5:103:D1D28T103,325.82,3.37793965969237
Day 5:103:D1D28T103,107.41,3.37793965969237
Day 5:103:D1D28T103,286.34,3.37793965969237
Day 5:103:D1D28T103,301.59,3.37793965969237
Day 5:103:D1D28T103,161.77,3.37793965969237
Day 5:103:D1D28T103,466.52,3.37793965969237
Day 5:103:D1D28T103,317.31,3.37793965969237
Day 5:103:D1D28T103,209.83,3.37793965969237
Day 5:103:D1D28T103,382.09,3.37793965969237
Day 5:103:D1D28T103,65.39,3.37793965969237
Day 5:103:D1D28T103,261.18,3.37793965969237
Day 5:103:D1D28T103,409.93,3.37793965969237
Day 5:103:D1D28T103,90.8,3.37793965969237
Day 5:103:D1D28T103,213.69,3.37793965969237
Day 5:103:D1D28T103,453.2,3.37793965969237
Day 5:103:D1D28T103,672.96,3.37793965969237
Day 5:103:D1D28T103,96.93,3.37793965969237
Day 5:103:D1D28T103,252.4,3.37793965969237
Day 5:103:D1D28T103,315,3.37793965969237
Day 5:103:D1D28T103,91.41,3.37793965969237
Day 5:103:D1D28T103,137.93,3.37793965969237
Day 5:103:D1D28T103,457.5,3.37793965969237
Day 5:103:D1D28T103,307.97,3.37793965969237
Day 5:103:D1D28T103,468.14,3.37793965969237
Day 5:103:D1D28T103,210.06,3.37793965969237
Day 5:103:D1D28T103,144.84,3.37793965969237
Day 5:103:D1D28T103,117.41,3.37793965969237
Day 5:103:D1D28T103,457.34,3.37793965969237
Day 5:103:D1D28T103,514.04,3.37793965969237
Day 5:103:D1D28T103,83.13,3.37793965969237
Day 5:103:D1D28T103,94.91,3.37793965969237
Day 5:103:D1D28T103,168.23,3.37793965969237
Day 5:103:D1D28T103,316.2,3.37793965969237
Day 5:103:D1D28T103,372.21,3.37793965969237
Day 5:103:D1D28T103,83.52,3.37793965969237
Day 5:103:D1D28T103,151.45,3.37793965969237
Day 5:103:D1D28T103,130.49,3.37793965969237
Day 5:103:D1D28T103,165.78,3.37793965969237
Day 5:103:D1D28T103,426.5,3.37793965969237
Day 5:103:D1D28T103,385.6,3.37793965969237
Day 5:103:D1D28T103,543.73,3.37793965969237
Day 5:103:D1D28T103,151.06,3.37793965969237
Day 5:103:D1D28T103,109.78,3.37793965969237
Day 5:103:D1D28T103,322.35,3.37793965969237
Day 5:103:D1D28T103,130.79,3.37793965969237
Day 5:103:D1D28T103,209.99,3.37793965969237
Day 5:103:D1D28T103,327.41,3.37793965969237
Day 5:103:D1D28T103,72.66,3.37793965969237
Day 5:103:D1D28T103,322.36,3.37793965969237
Day 5:103:D1D28T103,126.28,3.37793965969237
Day 5:103:D1D34T103,260.48,2.5831231513522
Day 5:103:D1D34T103,86.31,2.5831231513522
Day 5:103:D1D34T103,176.21,2.5831231513522
Day 5:103:D1D34T103,88.3,2.5831231513522
Day 5:103:D1D34T103,242.91,2.5831231513522
Day 5:103:D1D34T103,253.28,2.5831231513522
Day 5:103:D1D34T103,157.11,2.5831231513522
Day 5:103:D1D34T103,174.05,2.5831231513522
Day 5:103:D1D34T103,163.69,2.5831231513522
Day 5:103:D1D34T103,334.54,2.5831231513522
Day 5:103:D1D34T103,133.89,2.5831231513522
Day 5:103:D1D34T103,342.07,2.5831231513522
Day 5:103:D1D34T103,188.26,2.5831231513522
Day 5:103:D1D34T103,331.17,2.5831231513522
Day 5:103:D1D34T103,94.94,2.5831231513522
Day 5:103:D1D34T103,103.1,2.5831231513522
Day 5:103:D1D34T103,123.4,2.5831231513522
Day 5:103:D1D34T103,276.21,2.5831231513522
Day 5:103:D1D34T103,117,2.5831231513522
Day 5:103:D1D34T103,90.94,2.5831231513522
Day 5:103:D1D34T103,122.18,2.5831231513522
Day 5:103:D1D34T103,89.88,2.5831231513522
Day 5:103:D1D34T103,89.54,2.5831231513522
Day 5:103:D1D34T103,174.32,2.5831231513522
Day 5:103:D1D34T103,87.93,2.5831231513522
Day 5:103:D1D34T103,219.93,2.5831231513522
Day 5:103:D1D34T103,89.44,2.5831231513522
Day 5:103:D1D34T103,298.22,2.5831231513522
Day 5:103:D1D34T103,87.23,2.5831231513522
Day 5:103:D1D34T103,85.14,2.5831231513522
Day 5:103:D1D34T103,186.41,2.5831231513522
Day 5:103:D1D34T103,174.29,2.5831231513522
Day 5:103:D1D34T103,81.58,2.5831231513522
Day 5:103:D1D34T103,85.24,2.5831231513522
Day 5:103:D1D34T103,157.43,2.5831231513522
Day 5:103:D1D34T103,306.68,2.5831231513522
Day 5:103:D1D34T103,133.95,2.5831231513522
Day 5:103:D1D34T103,117.32,2.5831231513522
Day 5:103:D1D34T103,265.43,2.5831231513522
Day 5:103:D1D34T103,214.57,2.5831231513522
Day 5:103:D1D34T103,109.15,2.5831231513522
Day 5:103:D1D34T103,107.49,2.5831231513522
Day 5:103:D1D34T103,102.85,2.5831231513522
Day 5:103:D1D34T103,165.49,2.5831231513522
Day 5:103:D1D34T103,103.05,2.5831231513522
Day 5:103:D1D34T103,101.76,2.5831231513522
Day 5:103:D1D34T103,186.62,2.5831231513522
Day 5:103:D1D34T103,255.09,2.5831231513522
Day 5:103:D1D34T103,102.22,2.5831231513522
Day 5:103:D1D34T103,152.54,2.5831231513522
Day 5:103:D1D34T103,155.35,2.5831231513522
Day 5:103:D1D34T103,102.39,2.5831231513522
Day 5:103:D1D34T103,158.16,2.5831231513522
Day 5:103:D1D34T103,82.16,2.5831231513522
Day 5:103:D1D34T103,248.4,2.5831231513522
Day 5:103:D1D34T103,142.84,2.5831231513522
Day 5:103:D1D34T103,271.82,2.5831231513522
Day 5:103:D1D34T103,340.4,2.5831231513522
Day 5:103:D1D34T103,102.92,2.5831231513522
Day 5:103:D1D34T103,87.15,2.5831231513522
Day 5:103:D1D34T103,90.51,2.5831231513522
Day 5:103:D1D34T103,115.46,2.5831231513522
Day 5:103:D1D34T103,116.21,2.5831231513522
Day 5:103:D1D34T103,138.21,2.5831231513522
Day 5:103:D1D34T103,132.37,2.5831231513522
Day 5:103:D1D34T103,278.14,2.5831231513522
Day 5:103:D1D34T103,96.47,2.5831231513522
Day 5:103:D1D34T103,127.9,2.5831231513522
Day 5:103:D1D34T103,132.71,2.5831231513522
Day 5:103:D1D34T103,143.67,2.5831231513522
Day 5:103:D1D34T103,239.57,2.5831231513522
Day 5:103:D1D34T103,203.73,2.5831231513522
Day 5:103:D1D34T103,94.7,2.5831231513522
Day 5:103:D1D34T103,274.55,2.5831231513522
Day 5:103:D1D34T103,690.95,2.5831231513522
Day 5:103:D1D34T103,64.48,2.5831231513522
Day 5:103:D1D34T103,201.12,2.5831231513522
Day 5:103:D1D34T103,217.22,2.5831231513522
Day 5:103:D1D34T103,179.94,2.5831231513522
Day 5:103:D1D34T103,86.45,2.5831231513522
Day 5:103:D1D34T103,113.67,2.5831231513522
Day 5:103:D1D34T103,185.38,2.5831231513522
Day 5:103:D1D34T103,152.24,2.5831231513522
Day 5:103:D1D34T103,78.66,2.5831231513522
Day 5:103:D1D34T103,82.42,2.5831231513522
Day 5:103:D1D34T103,98.4,2.5831231513522
Day 5:103:D1D34T103,113.06,2.5831231513522
Day 5:103:D1D34T103,66.86,2.5831231513522
Day 5:103:D1D34T103,78.25,2.5831231513522
Day 5:103:D1D34T103,172.78,2.5831231513522
Day 5:103:D1D34T103,132.21,2.5831231513522
Day 5:103:D1D34T103,279.41,2.5831231513522
Day 5:103:D1D34T103,521.82,2.5831231513522
Day 5:103:D2D31T103,113.76,3.59504400830455
Day 5:103:D2D31T103,175.34,3.59504400830455
Day 5:103:D2D31T103,277.39,3.59504400830455
Day 5:103:D2D31T103,427.88,3.59504400830455
Day 5:103:D2D31T103,225.22,3.59504400830455
Day 5:103:D2D31T103,263.9,3.59504400830455
Day 5:103:D2D31T103,273.7,3.59504400830455
Day 5:103:D2D31T103,440.87,3.59504400830455
Day 5:103:D2D31T103,261.15,3.59504400830455
Day 5:103:D2D31T103,441.27,3.59504400830455
Day 5:103:D2D31T103,339.2,3.59504400830455
Day 5:103:D2D31T103,242.74,3.59504400830455
Day 5:103:D2D31T103,193.59,3.59504400830455
Day 5:103:D2D31T103,491.35,3.59504400830455
Day 5:103:D2D31T103,163.04,3.59504400830455
Day 5:103:D2D31T103,260.6,3.59504400830455
Day 5:103:D2D31T103,138.6,3.59504400830455
Day 5:103:D2D31T103,146.82,3.59504400830455
Day 5:103:D2D31T103,160.14,3.59504400830455
Day 5:103:D2D31T103,156.81,3.59504400830455
Day 5:103:D2D31T103,155.86,3.59504400830455
Day 5:103:D2D31T103,161.05,3.59504400830455
Day 5:103:D2D31T103,175.37,3.59504400830455
Day 5:103:D2D31T103,285.42,3.59504400830455
Day 5:103:D2D31T103,306.13,3.59504400830455
Day 5:103:D2D31T103,321.01,3.59504400830455
Day 5:103:D2D31T103,282.46,3.59504400830455
Day 5:103:D2D31T103,356.47,3.59504400830455
Day 5:103:D2D31T103,584.7,3.59504400830455
Day 5:103:D2D31T103,746.99,3.59504400830455
Day 5:103:D2D31T103,246.51,3.59504400830455
Day 5:103:D2D31T103,335.32,3.59504400830455
Day 5:103:D2D31T103,270.47,3.59504400830455
Day 5:103:D2D31T103,221.8,3.59504400830455
Day 5:103:D2D31T103,255.84,3.59504400830455
Day 5:103:D2D31T103,255.08,3.59504400830455
Day 5:103:D2D31T103,312.68,3.59504400830455
Day 5:103:D2D31T103,177.41,3.59504400830455
Day 5:103:D2D31T103,398.1,3.59504400830455
Day 5:103:D2D31T103,199.15,3.59504400830455
Day 5:103:D2D31T103,244.52,3.59504400830455
Day 5:103:D2D31T103,182.06,3.59504400830455
Day 5:103:D2D31T103,185.21,3.59504400830455
Day 5:103:D2D31T103,226.87,3.59504400830455
Day 5:103:D2D31T103,251.03,3.59504400830455
Day 5:103:D2D31T103,227.77,3.59504400830455
Day 5:103:D2D31T103,327.13,3.59504400830455
Day 5:103:D2D31T103,405.66,3.59504400830455
Day 5:103:D2D31T103,289.99,3.59504400830455
Day 5:103:D2D31T103,96.89,3.59504400830455
Day 5:103:D2D31T103,147.98,3.59504400830455
Day 5:103:D2D31T103,581.28,3.59504400830455
Day 5:103:D2D31T103,673.48,3.59504400830455
Day 5:103:D2D31T103,173.16,3.59504400830455
Day 5:103:D2D31T103,258.63,3.59504400830455
Day 5:103:D2D31T103,575.86,3.59504400830455
Day 5:103:D2D31T103,415.01,3.59504400830455
Day 5:103:D2D31T103,402.09,3.59504400830455
Day 5:103:D2D31T103,262.39,3.59504400830455
Day 5:103:D2D31T103,251.66,3.59504400830455
Day 5:103:D2D31T103,200.29,3.59504400830455
Day 5:103:D2D31T103,253.58,3.59504400830455
Day 5:103:D2D31T103,446.06,3.59504400830455
Day 5:103:D2D31T103,564.33,3.59504400830455
Day 5:105:D2D34T105,216.96,4.43557997328547
Day 5:105:D2D34T105,246.38,4.43557997328547
Day 5:105:D2D34T105,251.93,4.43557997328547
Day 5:105:D2D34T105,151.95,4.43557997328547
Day 5:105:D2D34T105,262.78,4.43557997328547
Day 5:105:D2D34T105,244.61,4.43557997328547
Day 5:105:D2D34T105,366.24,4.43557997328547
Day 5:105:D2D34T105,293.7,4.43557997328547
Day 5:105:D2D34T105,177.54,4.43557997328547
Day 5:105:D2D34T105,426.38,4.43557997328547
Day 5:105:D2D34T105,133.02,4.43557997328547
Day 5:105:D2D34T105,172.78,4.43557997328547
Day 5:105:D2D34T105,282.44,4.43557997328547
Day 5:105:D2D34T105,285.77,4.43557997328547
Day 5:105:D2D34T105,127.22,4.43557997328547
Day 5:105:D2D34T105,143.1,4.43557997328547
Day 5:105:D2D34T105,172.12,4.43557997328547
Day 5:105:D2D34T105,155.65,4.43557997328547
Day 5:105:D2D34T105,195.04,4.43557997328547
Day 5:105:D2D34T105,272.28,4.43557997328547
Day 5:105:D2D34T105,201.88,4.43557997328547
Day 5:105:D2D34T105,151.88,4.43557997328547
Day 5:105:D2D34T105,131.63,4.43557997328547
Day 5:105:D2D34T105,217.09,4.43557997328547
Day 5:105:D2D34T105,196.54,4.43557997328547
Day 5:105:D2D34T105,150.87,4.43557997328547
Day 5:105:D2D34T105,131.07,4.43557997328547
Day 5:105:D2D34T105,195.22,4.43557997328547
Day 5:105:D2D34T105,145.44,4.43557997328547
Day 5:105:D2D34T105,306.71,4.43557997328547
Day 5:105:D2D34T105,158.55,4.43557997328547
Day 5:105:D2D34T105,387.53,4.43557997328547
Day 5:105:D2D34T105,178.44,4.43557997328547
Day 5:105:D2D34T105,177.06,4.43557997328547
Day 5:105:D2D34T105,177.1,4.43557997328547
Day 5:105:D2D34T105,380.13,4.43557997328547
Day 5:105:D2D34T105,466.08,4.43557997328547
Day 5:105:D2D34T105,359.52,4.43557997328547
Day 5:105:D2D34T105,298.24,4.43557997328547
Day 5:105:D2D34T105,232.25,4.43557997328547
Day 5:105:D2D34T105,169.11,4.43557997328547
Day 5:105:D2D34T105,545.85,4.43557997328547
Day 5:105:D2D34T105,157.11,4.43557997328547
Day 5:105:D2D34T105,248.84,4.43557997328547
Day 5:105:D2D34T105,345.17,4.43557997328547
Day 5:105:D2D34T105,383.29,4.43557997328547
Day 5:105:D2D34T105,492.73,4.43557997328547
Day 5:105:D2D34T105,486.39,4.43557997328547
Day 5:105:D2D34T105,291.73,4.43557997328547
Day 5:105:D2D34T105,252.35,4.43557997328547
Day 5:105:D2D34T105,422.25,4.43557997328547
Day 5:105:D2D34T105,177.04,4.43557997328547
Day 5:105:D2D34T105,430.47,4.43557997328547
Day 5:105:D2D34T105,429.82,4.43557997328547
Day 5:105:D2D34T105,427.62,4.43557997328547
Day 5:105:D2D34T105,423.2,4.43557997328547
Day 5:105:D2D34T105,139.18,4.43557997328547
Day 5:105:D2D34T105,219.5,4.43557997328547
Day 5:105:D2D34T105,144.55,4.43557997328547
Day 5:105:D2D34T105,329.88,4.43557997328547
Day 5:105:D2D34T105,132.47,4.43557997328547
Day 5:105:D2D34T105,128.33,4.43557997328547
Day 5:105:D2D34T105,164.6,4.43557997328547
Day 5:105:D2D34T105,269.29,4.43557997328547
Day 5:105:D2D34T105,196.91,4.43557997328547
Day 5:105:D2D34T105,353.16,4.43557997328547
Day 5:105:D2D34T105,143.23,4.43557997328547
Day 5:105:D2D34T105,329.37,4.43557997328547
Day 5:105:D2D34T105,188.5,4.43557997328547
Day 5:105:D2D34T105,151.51,4.43557997328547
Day 5:105:D2D34T105,263,4.43557997328547
Day 5:105:D2D34T105,369.98,4.43557997328547
Day 5:105:D2D34T105,278.21,4.43557997328547
Day 5:105:D2D34T105,286.59,4.43557997328547
Day 5:105:D2D34T105,159.52,4.43557997328547
Day 5:105:D2D34T105,207.18,4.43557997328547
Day 5:105:D2D34T105,336,4.43557997328547
Day 5:105:D2D34T105,462.9,4.43557997328547
Day 5:105:D2D34T105,176.46,4.43557997328547
Day 5:105:D2D34T105,150.55,4.43557997328547
Day 5:105:D2D34T105,158.14,4.43557997328547
Day 5:105:D2D34T105,165.9,4.43557997328547
Day 5:105:D2D34T105,164.51,4.43557997328547
Day 5:105:D2D34T105,140.2,4.43557997328547
Day 5:105:D2D34T105,194.47,4.43557997328547
Day 5:105:D2D34T105,193.47,4.43557997328547
Day 5:105:D2D34T105,173.16,4.43557997328547
Day 5:105:D2D34T105,170.3,4.43557997328547
Day 5:105:D2D34T105,150.86,4.43557997328547
Day 5:105:D2D34T105,143.17,4.43557997328547
Day 5:105:D2D34T105,209.5,4.43557997328547
Day 5:105:D2D34T105,141.57,4.43557997328547
Day 5:105:D2D34T105,191.09,4.43557997328547
Day 5:105:D2D34T105,203.41,4.43557997328547
Day 5:105:D2D34T105,175.57,4.43557997328547
Day 5:105:D2D34T105,198.42,4.43557997328547
Day 5:105:D2D34T105,255.8,4.43557997328547
Day 5:105:D2D34T105,263.42,4.43557997328547
Day 5:105:D2D34T105,288.18,4.43557997328547
Day 5:105:D2D34T105,249.11,4.43557997328547
Day 5:105:D2D34T105,215.86,4.43557997328547
Day 5:105:D2D34T105,175.07,4.43557997328547
Day 5:105:D2D34T105,153.34,4.43557997328547
Day 5:105:D2D34T105,149.47,4.43557997328547
Day 5:105:D2D34T105,138.75,4.43557997328547
Day 5:105:D2D34T105,164.57,4.43557997328547
Day 5:105:D2D34T105,196,4.43557997328547
Day 5:105:D2D34T105,131.72,4.43557997328547
Day 5:105:D2D34T105,213.42,4.43557997328547
Day 5:105:D2D34T105,202.7,4.43557997328547
Day 5:105:D2D34T105,272.2,4.43557997328547
Day 5:105:D2D34T105,196.88,4.43557997328547
Day 5:105:D2D34T105,137.72,4.43557997328547
Day 5:105:D2D34T105,194.69,4.43557997328547
Day 5:105:D2D34T105,418.2,4.43557997328547
Day 5:108:D1D06T108,377.8,3.36527738544668
Day 5:108:D1D06T108,366.63,3.36527738544668
Day 5:108:D1D06T108,190.65,3.36527738544668
Day 5:108:D1D06T108,187.81,3.36527738544668
Day 5:108:D1D06T108,252.31,3.36527738544668
Day 5:108:D1D06T108,318.05,3.36527738544668
Day 5:108:D1D06T108,247.61,3.36527738544668
Day 5:108:D1D06T108,280.74,3.36527738544668
Day 5:108:D1D06T108,208.45,3.36527738544668
Day 5:108:D1D06T108,252.22,3.36527738544668
Day 5:108:D1D06T108,296.04,3.36527738544668
Day 5:108:D1D06T108,246.63,3.36527738544668
Day 5:108:D1D06T108,252.37,3.36527738544668
Day 5:108:D1D06T108,298.02,3.36527738544668
Day 5:108:D1D06T108,249,3.36527738544668
Day 5:108:D1D06T108,316.7,3.36527738544668
Day 5:108:D1D06T108,185.47,3.36527738544668
Day 5:108:D1D06T108,380.14,3.36527738544668
Day 5:108:D1D06T108,359.29,3.36527738544668
Day 5:108:D1D06T108,274.03,3.36527738544668
Day 5:108:D1D06T108,407.59,3.36527738544668
Day 5:108:D1D06T108,321.38,3.36527738544668
Day 5:108:D1D06T108,515.52,3.36527738544668
Day 5:108:D1D06T108,268.76,3.36527738544668
Day 5:108:D1D06T108,166.97,3.36527738544668
Day 5:108:D1D06T108,331.23,3.36527738544668
Day 5:108:D1D06T108,289.51,3.36527738544668
Day 5:108:D1D06T108,340.02,3.36527738544668
Day 5:108:D1D06T108,295.87,3.36527738544668
Day 5:108:D1D06T108,255.25,3.36527738544668
Day 5:108:D1D06T108,243.86,3.36527738544668
Day 5:108:D1D06T108,246.71,3.36527738544668
Day 5:108:D1D06T108,367.27,3.36527738544668
Day 5:108:D1D06T108,373.43,3.36527738544668
Day 5:108:D1D06T108,378.02,3.36527738544668
Day 5:108:D1D06T108,377.72,3.36527738544668
Day 5:108:D1D06T108,368.78,3.36527738544668
Day 5:108:D1D06T108,404.85,3.36527738544668
Day 5:108:D1D06T108,363.68,3.36527738544668
Day 5:108:D1D06T108,357.74,3.36527738544668
Day 5:108:D1D06T108,367.45,3.36527738544668
Day 5:108:D1D06T108,376.77,3.36527738544668
Day 5:108:D1D06T108,369.87,3.36527738544668
Day 5:108:D1D06T108,366.91,3.36527738544668
Day 5:108:D1D06T108,369.11,3.36527738544668
Day 5:108:D1D06T108,368.09,3.36527738544668
Day 5:108:D1D06T108,369.44,3.36527738544668
Day 5:108:D1D06T108,368.68,3.36527738544668
Day 5:108:D1D06T108,346.25,3.36527738544668
Day 5:108:D1D06T108,204.02,3.36527738544668
Day 5:108:D1D06T108,182.47,3.36527738544668
Day 5:108:D1D06T108,225.81,3.36527738544668
Day 5:108:D1D06T108,523.08,3.36527738544668
Day 5:108:D1D06T108,200.9,3.36527738544668
Day 5:108:D1D06T108,211.65,3.36527738544668
Day 5:108:D1D06T108,299.87,3.36527738544668
Day 5:108:D1D06T108,216.69,3.36527738544668
Day 5:108:D1D06T108,198.54,3.36527738544668
Day 5:108:D1D06T108,200.8,3.36527738544668
Day 5:108:D1D06T108,214.12,3.36527738544668
Day 5:108:D1D06T108,316.46,3.36527738544668
Day 5:108:D1D06T108,258.16,3.36527738544668
Day 5:108:D1D06T108,313.92,3.36527738544668
Day 5:108:D1D06T108,250.54,3.36527738544668
Day 5:108:D1D06T108,312.98,3.36527738544668
Day 5:108:D1D06T108,418,3.36527738544668
Day 5:108:D1D06T108,535.16,3.36527738544668
Day 5:108:D1D06T108,241.62,3.36527738544668
Day 5:108:D1D06T108,260.3,3.36527738544668
Day 5:108:D1D06T108,314.31,3.36527738544668
Day 5:108:D1D06T108,233.98,3.36527738544668
Day 5:108:D1D06T108,302.56,3.36527738544668
Day 5:108:D1D06T108,286.81,3.36527738544668
Day 5:108:D1D06T108,351.69,3.36527738544668
Day 5:108:D1D06T108,251.34,3.36527738544668
Day 5:108:D1D06T108,303.61,3.36527738544668
Day 5:108:D1D06T108,330.13,3.36527738544668
Day 5:108:D1D06T108,297.46,3.36527738544668
Day 5:108:D1D06T108,324.98,3.36527738544668
Day 5:108:D1D06T108,307.98,3.36527738544668
Day 5:108:D1D06T108,332.98,3.36527738544668
Day 5:108:D1D06T108,232.98,3.36527738544668
Day 5:108:D1D06T108,260.35,3.36527738544668
Day 5:108:D1D06T108,316.54,3.36527738544668
Day 5:108:D1D06T108,256.06,3.36527738544668
Day 5:108:D1D06T108,307.29,3.36527738544668
Day 5:108:D1D06T108,337.4,3.36527738544668
Day 5:108:D1D06T108,236.77,3.36527738544668
Day 5:108:D1D06T108,256.68,3.36527738544668
Day 5:108:D1D06T108,308.91,3.36527738544668
Day 5:108:D1D06T108,309.78,3.36527738544668
Day 5:108:D1D06T108,236.92,3.36527738544668
Day 5:108:D1D06T108,256.66,3.36527738544668
Day 5:108:D1D06T108,309.28,3.36527738544668
Day 5:108:D1D06T108,334.22,3.36527738544668
Day 5:108:D1D06T108,275.45,3.36527738544668
Day 5:108:D1D06T108,257.9,3.36527738544668
Day 5:108:D1D06T108,319.71,3.36527738544668
Day 5:108:D1D06T108,340.58,3.36527738544668
Day 5:108:D1D06T108,253.34,3.36527738544668
Day 5:108:D1D06T108,303.56,3.36527738544668
Day 5:108:D1D06T108,343.26,3.36527738544668
Day 5:108:D1D06T108,266.87,3.36527738544668
Day 5:108:D1D06T108,296.84,3.36527738544668
Day 5:108:D1D06T108,250.05,3.36527738544668
Day 5:108:D1D06T108,300.78,3.36527738544668
Day 5:108:D1D06T108,255.25,3.36527738544668
Day 5:108:D1D06T108,251.36,3.36527738544668
Day 5:108:D1D06T108,303.05,3.36527738544668
Day 5:108:D1D06T108,250.69,3.36527738544668
Day 5:108:D1D06T108,251.83,3.36527738544668
Day 5:108:D1D06T108,296.75,3.36527738544668
Day 5:108:D1D06T108,553.32,3.36527738544668
Day 5:108:D1D06T108,414.28,3.36527738544668
Day 5:108:D1D06T108,443.73,3.36527738544668
Day 5:108:D1D06T108,339.82,3.36527738544668
Day 5:108:D1D06T108,335.67,3.36527738544668
Day 5:108:D1D06T108,336.15,3.36527738544668
Day 5:108:D1D06T108,438.59,3.36527738544668
Day 5:108:D1D06T108,232.67,3.36527738544668
Day 5:108:D1D06T108,399.31,3.36527738544668
Day 5:108:D2D36T108,218.56,4.07637881354558
Day 5:108:D2D36T108,195.37,4.07637881354558
Day 5:108:D2D36T108,184.49,4.07637881354558
Day 5:108:D2D36T108,215.02,4.07637881354558
Day 5:108:D2D36T108,192.09,4.07637881354558
Day 5:108:D2D36T108,240.52,4.07637881354558
Day 5:108:D2D36T108,578.64,4.07637881354558
Day 5:108:D2D36T108,220.18,4.07637881354558
Day 5:108:D2D36T108,231.37,4.07637881354558
Day 5:108:D2D36T108,168.11,4.07637881354558
Day 5:108:D2D36T108,237.53,4.07637881354558
Day 5:108:D2D36T108,259.96,4.07637881354558
Day 5:108:D2D36T108,402.24,4.07637881354558
Day 5:108:D2D36T108,241.3,4.07637881354558
Day 5:108:D2D36T108,190.24,4.07637881354558
Day 5:108:D2D36T108,237,4.07637881354558
Day 5:108:D2D36T108,375.66,4.07637881354558
Day 5:108:D2D36T108,247.55,4.07637881354558
Day 5:108:D2D36T108,232.95,4.07637881354558
Day 5:108:D2D36T108,324.6,4.07637881354558
Day 5:108:D2D36T108,197.77,4.07637881354558
Day 5:108:D2D36T108,243.35,4.07637881354558
Day 5:108:D2D36T108,299.83,4.07637881354558
Day 5:108:D2D36T108,350.2,4.07637881354558
Day 5:108:D2D36T108,248.57,4.07637881354558
Day 5:108:D2D36T108,363.25,4.07637881354558
Day 5:108:D2D36T108,271.11,4.07637881354558
Day 5:108:D2D36T108,348.93,4.07637881354558
Day 5:108:D2D36T108,273.8,4.07637881354558
Day 5:108:D2D36T108,189.34,4.07637881354558
Day 5:108:D2D36T108,342.64,4.07637881354558
Day 5:108:D2D36T108,345.28,4.07637881354558
Day 5:108:D2D36T108,345.11,4.07637881354558
Day 5:108:D2D36T108,354.4,4.07637881354558
Day 5:108:D2D36T108,348.72,4.07637881354558
Day 5:108:D2D36T108,342.12,4.07637881354558
Day 5:108:D2D36T108,196.31,4.07637881354558
Day 5:108:D2D36T108,333.11,4.07637881354558
Day 5:108:D2D36T108,339.25,4.07637881354558
Day 5:108:D2D36T108,228.59,4.07637881354558
Day 5:108:D2D36T108,334.7,4.07637881354558
Day 5:108:D2D36T108,334.55,4.07637881354558
Day 5:108:D2D36T108,357.57,4.07637881354558
Day 5:108:D2D36T108,188.18,4.07637881354558
Day 5:108:D2D36T108,347.78,4.07637881354558
Day 5:108:D2D36T108,192.42,4.07637881354558
Day 5:108:D2D36T108,356.06,4.07637881354558
Day 5:108:D2D36T108,248.68,4.07637881354558
Day 5:108:D2D36T108,349.99,4.07637881354558
Day 5:108:D2D36T108,355.83,4.07637881354558
Day 5:108:D2D36T108,356.92,4.07637881354558
Day 5:108:D2D36T108,350.79,4.07637881354558
Day 5:108:D2D36T108,338.61,4.07637881354558
Day 5:108:D2D36T108,281.61,4.07637881354558
Day 5:108:D2D36T108,396.05,4.07637881354558
Day 5:108:D2D36T108,182.75,4.07637881354558
Day 5:108:D2D36T108,229.63,4.07637881354558
Day 5:108:D2D36T108,360.38,4.07637881354558
Day 5:108:D2D36T108,236.49,4.07637881354558
Day 5:108:D2D36T108,236.77,4.07637881354558
Day 5:108:D2D36T108,195.31,4.07637881354558
Day 5:108:D2D36T108,244.84,4.07637881354558
Day 5:108:D2D36T108,189.6,4.07637881354558
Day 5:108:D2D36T108,235.76,4.07637881354558
Day 5:108:D2D36T108,237.57,4.07637881354558
Day 5:108:D2D36T108,198.46,4.07637881354558
Day 5:108:D2D36T108,240.95,4.07637881354558
Day 5:108:D2D36T108,333.12,4.07637881354558
Day 5:108:D2D36T108,236.02,4.07637881354558
Day 5:108:D2D36T108,238.67,4.07637881354558
Day 5:108:D2D36T108,315.7,4.07637881354558
Day 5:108:D2D36T108,273.58,4.07637881354558
Day 5:108:D2D36T108,192.22,4.07637881354558
Day 5:108:D2D36T108,353,4.07637881354558
Day 5:108:D2D36T108,353.41,4.07637881354558
Day 5:108:D2D36T108,388.87,4.07637881354558
Day 5:108:D2D36T108,279.45,4.07637881354558
Day 5:108:D2D36T108,169.42,4.07637881354558
Day 5:108:D2D36T108,344.93,4.07637881354558
Day 5:108:D2D36T108,349.74,4.07637881354558
Day 5:108:D2D36T108,340.66,4.07637881354558
Day 5:108:D2D36T108,352.17,4.07637881354558
Day 5:108:D2D36T108,346.66,4.07637881354558
Day 5:108:D2D36T108,338.82,4.07637881354558
Day 5:108:D2D36T108,203.74,4.07637881354558
Day 5:108:D2D36T108,339.33,4.07637881354558
Day 5:108:D2D36T108,223.79,4.07637881354558
Day 5:108:D2D36T108,335.09,4.07637881354558
Day 5:108:D2D36T108,326.38,4.07637881354558
Day 5:108:D2D36T108,183.88,4.07637881354558
Day 5:108:D2D36T108,202.39,4.07637881354558
Day 5:108:D2D36T108,337.5,4.07637881354558
Day 5:108:D2D36T108,491.48,4.07637881354558
Day 5:108:D2D36T108,193.24,4.07637881354558
Day 5:108:D2D36T108,358.4,4.07637881354558
Day 5:108:D2D36T108,193.83,4.07637881354558
Day 5:108:D2D36T108,345.76,4.07637881354558
Day 5:108:D2D36T108,194.83,4.07637881354558
Day 5:108:D2D36T108,252.77,4.07637881354558
Day 5:108:D2D36T108,356.98,4.07637881354558
Day 5:108:D2D36T108,253.73,4.07637881354558
Day 5:108:D2D36T108,363.66,4.07637881354558
Day 5:108:D2D36T108,357.18,4.07637881354558
Day 5:108:D2D36T108,348.69,4.07637881354558
Day 5:108:D2D36T108,342.64,4.07637881354558
Day2:108:S04D24108,413.47,3.2606669005426
Day2:108:S04D24108,176.13,3.2606669005426
Day2:108:S04D24108,213.76,3.2606669005426
Day2:108:S04D24108,326.69,3.2606669005426
Day2:108:S04D24108,247.22,3.2606669005426
Day2:108:S04D24108,233.57,3.2606669005426
Day2:108:S04D24108,195.49,3.2606669005426
Day2:108:S04D24108,400.83,3.2606669005426
Day2:108:S04D24108,334.79,3.2606669005426
Day2:108:S04D24108,225.67,3.2606669005426
Day2:108:S04D24108,375.41,3.2606669005426
Day2:108:S04D24108,394.87,3.2606669005426
Day2:108:S04D24108,375.95,3.2606669005426
Day2:108:S04D24108,338.55,3.2606669005426
Day2:108:S04D24108,222.47,3.2606669005426
Day2:108:S04D24108,364.28,3.2606669005426
Day2:108:S04D24108,401.74,3.2606669005426
Day2:108:S04D24108,334.34,3.2606669005426
Day2:108:S04D24108,327.27,3.2606669005426
Day2:108:S04D24108,260.7,3.2606669005426
Day2:108:S04D24108,230.97,3.2606669005426
Day2:108:S04D24108,332.64,3.2606669005426
Day2:108:S04D24108,381.86,3.2606669005426
Day2:108:S04D24108,277.55,3.2606669005426
Day2:108:S04D24108,322.94,3.2606669005426
Day2:108:S04D24108,361.88,3.2606669005426
Day2:108:S04D24108,317.13,3.2606669005426
Day2:108:S04D24108,181.7,3.2606669005426
Day2:108:S04D24108,182.19,3.2606669005426
Day2:108:S04D24108,191.99,3.2606669005426
Day2:108:S04D24108,279.73,3.2606669005426
Day2:108:S04D24108,313.16,3.2606669005426
Day3pt1:101:H01D12101,392.55,3.13795045012342
Day3pt1:101:H01D12101,198.99,3.13795045012342
Day3pt1:101:H01D12101,240.68,3.13795045012342
Day3pt1:101:H01D12101,252.66,3.13795045012342
Day3pt1:101:H01D12101,357.94,3.13795045012342
Day3pt1:101:H01D12101,334.73,3.13795045012342
Day3pt1:101:H01D12101,507.19,3.13795045012342
Day3pt1:101:H01D12101,206.73,3.13795045012342
Day3pt1:101:H01D12101,286,3.13795045012342
Day3pt1:101:H01D12101,372.5,3.13795045012342
Day3pt1:101:H01D12101,227.14,3.13795045012342
Day3pt1:101:H01D12101,253.02,3.13795045012342
Day3pt1:101:H01D12101,459.54,3.13795045012342
Day3pt1:101:H01D12101,383.55,3.13795045012342
Day3pt1:101:H01D12101,307.93,3.13795045012342
Day3pt1:101:H01D12101,256.09,3.13795045012342
Day3pt1:101:H01D12101,492.18,3.13795045012342
Day3pt1:101:H01D12101,257.08,3.13795045012342
Day3pt1:101:H01D12101,234.75,3.13795045012342
Day3pt1:101:H01D12101,252.4,3.13795045012342
Day3pt1:101:H01D12101,226.02,3.13795045012342
Day3pt1:101:H01D12101,179.51,3.13795045012342
Day3pt1:101:H01D12101,535.36,3.13795045012342
Day3pt1:101:H01D12101,224.8,3.13795045012342
Day3pt1:101:H01D12101,103.19,3.13795045012342
Day3pt1:101:H01D12101,140.24,3.13795045012342
Day3pt1:101:H01D12101,126.01,3.13795045012342
Day3pt1:101:H01D12101,205.77,3.13795045012342
Day3pt1:101:H01D12101,148.94,3.13795045012342
Day3pt1:101:H01D12101,255.4,3.13795045012342
Day3pt1:101:H01D12101,132.32,3.13795045012342
Day3pt1:101:H01D12101,213.91,3.13795045012342
Day3pt1:101:H01D12101,142.44,3.13795045012342
Day3pt1:101:H01D12101,221.79,3.13795045012342
Day3pt1:101:H01D12101,304.44,3.13795045012342
Day3pt1:101:H01D12101,371.93,3.13795045012342
Day3pt1:101:H01D12101,299.27,3.13795045012342
Day3pt1:101:H01D12101,299.98,3.13795045012342
Day3pt1:101:H01D12101,156.6,3.13795045012342
Day3pt1:101:H01D12101,293.73,3.13795045012342
Day3pt1:101:H01D12101,201.54,3.13795045012342
Day3pt1:101:H01D12101,304.49,3.13795045012342
Day3pt1:101:H01D12101,179.9,3.13795045012342
Day3pt1:101:H01D12101,160.55,3.13795045012342
Day3pt1:101:H01D12101,313.39,3.13795045012342
Day3pt1:101:H01D12101,246.34,3.13795045012342
Day3pt1:101:H01D12101,279.17,3.13795045012342
Day3pt1:101:H01D12101,217.79,3.13795045012342
Day3pt1:101:H01D12101,212.73,3.13795045012342
Day3pt1:101:H01D12101,263.38,3.13795045012342
Day3pt1:101:H01D12101,133.66,3.13795045012342
Day3pt1:101:H01D12101,280.27,3.13795045012342
Day3pt1:101:H01D12101,208.54,3.13795045012342
Day3pt1:101:H01D12101,216.73,3.13795045012342
Day3pt1:101:H01D12101,367.06,3.13795045012342
Day3pt1:101:H01D12101,145.15,3.13795045012342
Day3pt1:101:H01D12101,201.71,3.13795045012342
Day3pt1:101:H01D12101,102.7,3.13795045012342
Day3pt1:101:H01D12101,219.66,3.13795045012342
Day3pt1:101:H01D12101,152.3,3.13795045012342
Day3pt1:101:H01D12101,138.52,3.13795045012342
Day3pt1:101:H01D12101,219.49,3.13795045012342
Day3pt1:101:H01D12101,253.22,3.13795045012342
Day3pt1:101:H01D12101,176.37,3.13795045012342
Day3pt1:101:H01D12101,338.3,3.13795045012342
Day3pt1:101:H01D12101,169.4,3.13795045012342
Day3pt1:101:H01D12101,151.21,3.13795045012342
Day3pt1:101:H01D12101,274.75,3.13795045012342
Day3pt1:101:H01D12101,152.66,3.13795045012342
Day3pt1:101:H01D12101,162.21,3.13795045012342
Day3pt1:101:H01D12101,268.75,3.13795045012342
Day3pt1:101:H01D12101,143.98,3.13795045012342
Day3pt1:101:H01D12101,216.46,3.13795045012342
Day3pt1:101:H01D12101,220.62,3.13795045012342
Day3pt1:101:H01D12101,231.44,3.13795045012342
Day3pt1:101:H01D12101,168.47,3.13795045012342
Day3pt1:101:H01D12101,136.72,3.13795045012342
Day3pt1:101:H01D12101,169.57,3.13795045012342
Day3pt1:101:H01D12101,313.84,3.13795045012342
Day3pt1:101:H01D12101,182.92,3.13795045012342
Day3pt1:101:H01D12101,218.01,3.13795045012342
Day3pt1:101:H01D12101,251.23,3.13795045012342
Day3pt1:101:H01D12101,324.74,3.13795045012342
Day3pt1:101:H01D12101,494.49,3.13795045012342
Day3pt1:101:H01D12101,204.31,3.13795045012342
Day3pt1:101:H01D12101,257.33,3.13795045012342
Day3pt1:101:H01D12101,374.81,3.13795045012342
Day3pt1:101:H01D12101,196.02,3.13795045012342
Day3pt1:101:H01D12101,411.57,3.13795045012342
Day3pt1:101:H01D12101,542.72,3.13795045012342
Day3pt1:101:H01D12101,478.96,3.13795045012342
Day3pt1:101:H01D12101,445.98,3.13795045012342
Day3pt1:101:H01D12101,432.66,3.13795045012342
Day3pt1:101:H01D12101,185.07,3.13795045012342
Day3pt1:101:H01D12101,315.66,3.13795045012342
Day3pt1:101:H01D12101,150.28,3.13795045012342
Day3pt1:101:H01D12101,310.57,3.13795045012342
Day3pt1:101:H01D12101,335.76,3.13795045012342
Day3pt1:101:H01D12101,297.58,3.13795045012342
Day3pt1:101:H01D12101,337.81,3.13795045012342
Day3pt1:101:H01D12101,134.82,3.13795045012342
Day3pt1:101:H01D12101,324.02,3.13795045012342
Day3pt1:101:H01D12101,159.19,3.13795045012342
Day3pt1:101:H01D12101,167.45,3.13795045012342
Day3pt1:101:H01D12101,340.9,3.13795045012342
Day3pt1:101:H01D12101,408.81,3.13795045012342
Day3pt1:101:H01D12101,354.67,3.13795045012342
Day3pt1:101:H01D12101,300.04,3.13795045012342
Day3pt1:101:H01D12101,355.18,3.13795045012342
Day3pt1:101:H01D12101,407.86,3.13795045012342
Day3pt1:101:H01D12101,336.16,3.13795045012342
Day3pt1:101:H01D12101,337.81,3.13795045012342
Day3pt1:101:H01D12101,227.07,3.13795045012342
Day3pt1:101:H01D12101,159.75,3.13795045012342
Day3pt1:101:H01D12101,162.11,3.13795045012342
Day3pt1:101:H01D12101,230.67,3.13795045012342
Day3pt1:101:H01D12101,76.98,3.13795045012342
Day3pt1:101:H01D12101,179.36,3.13795045012342
Day3pt1:101:H01D12101,265.44,3.13795045012342
Day3pt1:101:H01D12101,260.97,3.13795045012342
Day3pt1:101:H01D12101,230.22,3.13795045012342
Day3pt1:101:H01D12101,195.32,3.13795045012342
Day3pt1:101:H01D12101,261.26,3.13795045012342
Day3pt1:101:H01D12101,271.93,3.13795045012342
Day3pt1:101:H01D12101,224.86,3.13795045012342
Day3pt1:101:H01D12101,193.93,3.13795045012342
Day3pt1:101:H01D12101,221.62,3.13795045012342
Day3pt1:101:H01D12101,283.26,3.13795045012342
Day3pt1:101:H01D12101,261.7,3.13795045012342
Day3pt1:101:H01D12101,104.59,3.13795045012342
Day3pt1:101:H01D12101,122.04,3.13795045012342
Day3pt1:101:H01D12101,156.93,3.13795045012342
Day3pt1:101:H01D12101,150.57,3.13795045012342
Day3pt1:101:H01D12101,139.98,3.13795045012342
Day3pt1:101:H01D12101,182,3.13795045012342
Day3pt1:101:H01D12101,120.56,3.13795045012342
Day3pt1:101:H01D12101,170.14,3.13795045012342
Day3pt1:101:H01D12101,166.1,3.13795045012342
Day3pt1:101:H01D12101,149.42,3.13795045012342
Day3pt1:101:H01D12101,316.79,3.13795045012342
Day3pt1:101:H01D12101,121.12,3.13795045012342
Day3pt1:101:H01D12101,162.82,3.13795045012342
Day3pt1:101:H01D12101,185.86,3.13795045012342
Day3pt1:101:H01D12101,198.93,3.13795045012342
Day3pt1:101:H01D12101,144.43,3.13795045012342
Day3pt1:101:H01D12101,150.21,3.13795045012342
Day3pt1:101:H01D12101,144.39,3.13795045012342
Day3pt1:101:H01D12101,246.77,3.13795045012342
Day3pt1:101:H01D12101,221.43,3.13795045012342
Day3pt1:101:H01D12101,308.03,3.13795045012342
Day3pt1:101:H01D12101,168.85,3.13795045012342
Day3pt1:101:H01D12101,235.02,3.13795045012342
Day3pt1:101:H01D12101,390.86,3.13795045012342
Day3pt1:101:H01D12101,127.56,3.13795045012342
Day3pt1:101:H01D12101,211.16,3.13795045012342
Day3pt1:101:H01D12101,227.95,3.13795045012342
Day3pt1:101:H01D12101,229.07,3.13795045012342
Day3pt1:101:H01D12101,161.05,3.13795045012342
Day3pt1:101:H01D12101,269.33,3.13795045012342
Day3pt1:101:H01D12101,511.15,3.13795045012342
Day3pt1:101:H01D12101,247.78,3.13795045012342
Day3pt1:101:H01D12101,218.41,3.13795045012342
Day3pt1:101:H01D12101,203.25,3.13795045012342
Day3pt1:101:H01D12101,510.4,3.13795045012342
Day3pt1:101:H01D12101,218.19,3.13795045012342
Day3pt1:101:H01D12101,218.43,3.13795045012342
Day3pt1:101:H01D12101,206.99,3.13795045012342
Day3pt1:101:H01D12101,103.01,3.13795045012342
Day3pt1:101:H01D12101,193.77,3.13795045012342
Day3pt1:101:H01D12101,288.96,3.13795045012342
Day3pt1:101:H01D12101,126.31,3.13795045012342
Day3pt1:101:H01D12101,189.5,3.13795045012342
Day3pt1:101:H01D12101,410.93,3.13795045012342
Day3pt1:101:H01D12101,190.33,3.13795045012342
Day3pt1:101:H01D12101,203.85,3.13795045012342
Day3pt1:101:H01D12101,376.9,3.13795045012342
Day3pt1:101:H01D12101,177.53,3.13795045012342
Day3pt1:101:H01D12101,219.02,3.13795045012342
Day3pt1:101:H01D12101,180.8,3.13795045012342
Day3pt1:101:H01D12101,400.33,3.13795045012342
Day3pt1:101:H01D12101,192.14,3.13795045012342
Day3pt1:101:H01D12101,235.07,3.13795045012342
Day3pt1:101:H01D12101,264.08,3.13795045012342
Day3pt1:101:H01D12101,194.32,3.13795045012342
Day3pt1:101:H01D12101,417.51,3.13795045012342
Day3pt1:101:H01D12101,192.03,3.13795045012342
Day3pt1:101:H01D12101,198.96,3.13795045012342
Day3pt1:101:H01D12101,258.7,3.13795045012342
Day3pt1:101:H01D12101,268.12,3.13795045012342
Day3pt1:101:H01D12101,429.7,3.13795045012342
Day3pt1:101:H01D12101,160.16,3.13795045012342
Day3pt1:101:H01D12101,259.62,3.13795045012342
Day3pt1:101:H01D12101,239.17,3.13795045012342
Day3pt1:101:H01D12101,298.96,3.13795045012342
Day3pt1:101:H01D12101,150.59,3.13795045012342
Day3pt1:101:H01D12101,261.17,3.13795045012342
Day3pt1:101:H01D12101,314.14,3.13795045012342
Day3pt1:101:H01D12101,333.47,3.13795045012342
Day3pt1:101:H01D12101,227.77,3.13795045012342
Day3pt1:101:H01D12101,490.52,3.13795045012342
Day3pt1:101:H01D12101,131.73,3.13795045012342
Day3pt1:101:H01D12101,286.12,3.13795045012342
Day3pt1:101:H01D12101,296.74,3.13795045012342
Day3pt1:101:H01D12101,213.07,3.13795045012342
Day3pt1:101:H01D12101,217.95,3.13795045012342
Day3pt1:101:H01D12101,410.79,3.13795045012342
Day3pt1:101:H01D12101,190.11,3.13795045012342
Day3pt1:101:H01D12101,236.65,3.13795045012342
Day3pt1:101:H01D12101,347.79,3.13795045012342
Day3pt1:101:H01D12101,388.16,3.13795045012342
Day3pt1:101:H01D12101,353.98,3.13795045012342
Day3pt1:101:H01D12101,209.66,3.13795045012342
Day3pt1:101:H01D12101,366.62,3.13795045012342
Day3pt1:101:H01D12101,181.32,3.13795045012342
Day3pt1:101:H01D12101,382.33,3.13795045012342
Day3pt1:101:H01D12101,136.47,3.13795045012342
Day3pt1:101:H01D12101,180.1,3.13795045012342
Day3pt1:101:H01D12101,368.08,3.13795045012342
Day3pt1:101:H01D12101,184.69,3.13795045012342
Day3pt1:101:H01D12101,321.17,3.13795045012342
Day3pt1:101:H01D12101,531.91,3.13795045012342
Day3pt1:101:H01D12101,146.32,3.13795045012342
Day3pt1:101:H01D12101,217.47,3.13795045012342
Day3pt1:101:H01D12101,228.27,3.13795045012342
Day3pt1:101:H01D12101,240.33,3.13795045012342
Day3pt1:101:H01D12101,165.9,3.13795045012342
Day3pt1:101:H01D12101,170.13,3.13795045012342
Day3pt1:101:H01D12101,188.16,3.13795045012342
Day3pt1:101:H01D12101,230.22,3.13795045012342
Day3pt1:101:H01D12101,399.61,3.13795045012342
Day3pt1:101:H01D12101,135.72,3.13795045012342
Day3pt1:101:H01D12101,373.79,3.13795045012342
Day3pt1:101:H01D12101,470.67,3.13795045012342
Day3pt1:101:H01D12101,169.5,3.13795045012342
Day3pt1:101:H01D12101,138.1,3.13795045012342
Day3pt1:101:H01D12101,150.95,3.13795045012342
Day3pt1:101:H01D12101,267.86,3.13795045012342
Day3pt1:101:H01D12101,505.4,3.13795045012342
Day3pt1:101:H01D12101,211.82,3.13795045012342
Day3pt1:101:H01D12101,198.06,3.13795045012342
Day3pt1:101:H01D12101,206.32,3.13795045012342
Day3pt1:101:H01D12101,173.34,3.13795045012342
Day3pt1:101:H01D12101,114.34,3.13795045012342
Day3pt1:101:H01D12101,332.56,3.13795045012342
Day3pt1:101:H01D12101,201.89,3.13795045012342
Day3pt1:101:H01D12101,301.09,3.13795045012342
Day3pt1:101:H01D12101,128.26,3.13795045012342
Day3pt1:101:H01D12101,441.19,3.13795045012342
Day3pt1:101:H01D12101,368.82,3.13795045012342
Day3pt1:101:H01D12101,141.94,3.13795045012342
Day3pt1:101:H01D12101,208.96,3.13795045012342
Day3pt1:101:H01D12101,156.02,3.13795045012342
Day3pt1:101:H01D12101,419.46,3.13795045012342
Day3pt1:101:H01D12101,506.31,3.13795045012342
Day3pt1:101:H01D12101,275.88,3.13795045012342
Day3pt1:101:H01D12101,221.51,3.13795045012342
Day3pt1:101:H01D12101,312.54,3.13795045012342
Day3pt1:101:H01D12101,196.92,3.13795045012342
Day3pt1:101:H01D12101,260.62,3.13795045012342
Day3pt1:101:H01D12101,356.67,3.13795045012342
Day3pt1:101:H01D12101,384.71,3.13795045012342
Day3pt1:101:H01D12101,178.23,3.13795045012342
Day3pt1:101:H01D12101,357.18,3.13795045012342
Day3pt1:101:H01D12101,383.99,3.13795045012342
Day3pt1:101:H01D12101,175.66,3.13795045012342
Day3pt1:101:H01D12101,422.76,3.13795045012342
Day3pt1:101:H01D12101,138.62,3.13795045012342
Day3pt1:101:H01D12101,139.44,3.13795045012342
Day3pt1:101:H01D12101,243.93,3.13795045012342
Day3pt1:101:H01D12101,221.84,3.13795045012342
Day3pt1:101:H01D12101,225.2,3.13795045012342
Day3pt1:101:H01D12101,140.17,3.13795045012342
Day3pt1:101:H01D12101,216.97,3.13795045012342
Day3pt1:101:H01D12101,153.65,3.13795045012342
Day3pt1:101:H01D12101,188.71,3.13795045012342
Day3pt1:101:H01D12101,306.99,3.13795045012342
Day3pt1:101:H01D12101,229.38,3.13795045012342
Day3pt1:101:H01D12101,331.37,3.13795045012342
Day3pt1:101:H01D12101,483.77,3.13795045012342
Day3pt1:101:H01D12101,101.11,3.13795045012342
Day3pt1:101:H01D12101,175.49,3.13795045012342
Day3pt1:101:H01D12101,319.85,3.13795045012342
Day3pt1:101:H01D12101,241.96,3.13795045012342
Day3pt1:101:H01D12101,261.63,3.13795045012342
Day3pt1:101:H01D12101,214.95,3.13795045012342
Day3pt1:101:H01D12101,172.63,3.13795045012342
Day3pt1:101:H01D12101,218.95,3.13795045012342
Day3pt1:101:H01D12101,220.42,3.13795045012342
Day3pt1:101:H01D12101,206.75,3.13795045012342
Day3pt1:101:H01D12101,262.12,3.13795045012342
Day3pt1:101:H01D12101,247.84,3.13795045012342
Day3pt1:101:H01D12101,275.34,3.13795045012342
Day3pt1:101:H01D12101,491.25,3.13795045012342
Day3pt1:101:H01D12101,225.55,3.13795045012342
Day3pt1:101:H01D12101,216.03,3.13795045012342
Day3pt1:101:H01D12101,107.53,3.13795045012342
Day3pt1:101:H01D12101,310.06,3.13795045012342
Day3pt1:101:H01D12101,136.12,3.13795045012342
Day3pt1:101:H01D12101,221.22,3.13795045012342
Day3pt1:101:H01D12101,278.54,3.13795045012342
Day3pt1:101:H01D12101,201.06,3.13795045012342
Day3pt1:101:H01D12101,373.16,3.13795045012342
Day3pt1:101:H01D12101,370.76,3.13795045012342
Day3pt1:101:H01D12101,233.19,3.13795045012342
Day3pt1:101:H01D12101,280.85,3.13795045012342
Day3pt1:101:H01D12101,381.65,3.13795045012342
Day3pt1:101:H01D12101,121.86,3.13795045012342
Day3pt1:101:H01D12101,239.83,3.13795045012342
Day3pt1:101:H01D12101,360.07,3.13795045012342
Day3pt1:101:H01D12101,117.63,3.13795045012342
Day3pt1:101:H01D12101,326.15,3.13795045012342
Day3pt1:101:H01D12101,165.25,3.13795045012342
Day3pt1:101:H01D12101,229.4,3.13795045012342
Day3pt1:101:H01D12101,316.86,3.13795045012342
Day3pt1:101:H01D12101,240.73,3.13795045012342
Day3pt1:101:H01D12101,191.05,3.13795045012342
Day3pt1:101:H01D12101,207.71,3.13795045012342
Day3pt1:101:H01D12101,319.23,3.13795045012342
Day3pt1:101:H01D12101,275.02,3.13795045012342
Day3pt1:101:H01D12101,314.65,3.13795045012342
Day3pt1:101:H01D12101,275.47,3.13795045012342
Day3pt1:101:H01D12101,331.14,3.13795045012342
Day3pt1:101:H01D12101,251.81,3.13795045012342
Day3pt1:101:H01D12101,189.23,3.13795045012342
Day3pt1:101:H01D12101,239.78,3.13795045012342
Day3pt1:101:H01D12101,257.07,3.13795045012342
Day3pt1:101:H01D12101,294.06,3.13795045012342
Day3pt1:101:H01D12101,267.23,3.13795045012342
Day3pt1:101:H01D12101,152.23,3.13795045012342
Day3pt1:101:H01D12101,277.87,3.13795045012342
Day3pt1:101:H01D12101,273.37,3.13795045012342
Day3pt1:101:H01D12101,248.87,3.13795045012342
Day3pt1:101:H01D12101,135.19,3.13795045012342
Day3pt1:101:H01D12101,252.16,3.13795045012342
Day3pt1:101:H01D12101,385.13,3.13795045012342
Day3pt1:101:H01D12101,187.76,3.13795045012342
Day3pt1:101:H01D12101,511.92,3.13795045012342
Day3pt1:101:H01D12101,198.83,3.13795045012342
Day3pt1:101:H01D12101,172.2,3.13795045012342
Day3pt1:101:H01D12101,354.68,3.13795045012342
Day3pt1:101:H01D12101,191.48,3.13795045012342
Day3pt1:101:H01D12101,324.81,3.13795045012342
Day3pt1:101:H01D12101,179.6,3.13795045012342
Day3pt1:101:H01D12101,225.66,3.13795045012342
Day3pt1:101:H01D12101,229.63,3.13795045012342
Day3pt1:101:H01D12101,190.81,3.13795045012342
Day3pt1:101:H01D12101,171.76,3.13795045012342
Day3pt1:101:H01D12101,149.92,3.13795045012342
Day3pt1:101:H01D12101,318.62,3.13795045012342
Day3pt1:101:H01D12101,363.47,3.13795045012342
Day3pt1:101:H01D12101,294.79,3.13795045012342
Day3pt1:101:H01D12101,165.39,3.13795045012342
Day3pt1:101:H01D12101,411.91,3.13795045012342
Day3pt1:101:H01D12101,324.61,3.13795045012342
Day3pt1:101:H01D12101,127.13,3.13795045012342
Day3pt1:101:H01D12101,409.15,3.13795045012342
Day3pt1:101:H01D12101,160.32,3.13795045012342
Day3pt1:101:H01D12101,143.21,3.13795045012342
Day3pt1:101:H01D12101,163.43,3.13795045012342
Day3pt1:101:H01D12101,253.85,3.13795045012342
Day3pt1:101:H01D12101,402.15,3.13795045012342
Day3pt1:101:H01D12101,326.35,3.13795045012342
Day3pt1:101:H01D12101,355.08,3.13795045012342
Day3pt1:101:H01D12101,405.11,3.13795045012342
Day3pt1:101:H01D12101,508.95,3.13795045012342
Day3pt1:101:H01D12101,431.89,3.13795045012342
Day3pt1:101:H01D12101,315.05,3.13795045012342
Day3pt1:101:H01D12101,431.58,3.13795045012342
Day3pt1:101:H01D12101,488.07,3.13795045012342
Day3pt1:101:H01D12101,415.46,3.13795045012342
Day3pt1:101:H01D12101,196.16,3.13795045012342
Day3pt1:101:H01D12101,442.6,3.13795045012342
Day3pt1:101:H01D12101,103.62,3.13795045012342
Day3pt1:101:H01D12101,173.35,3.13795045012342
Day3pt1:101:H01D12101,173.54,3.13795045012342
Day3pt1:101:H01D12101,174.35,3.13795045012342
Day3pt1:101:H01D12101,383.56,3.13795045012342
Day3pt1:101:H01D12101,219.34,3.13795045012342
Day3pt1:101:H01D12101,349.55,3.13795045012342
Day3pt1:101:H01D12101,210.13,3.13795045012342
Day3pt1:101:H01D12101,293.02,3.13795045012342
Day3pt1:101:H01D12101,208.3,3.13795045012342
Day3pt1:101:H01D12101,407.73,3.13795045012342
Day3pt1:101:H01D12101,321.9,3.13795045012342
Day3pt1:101:H01D12101,127.53,3.13795045012342
Day3pt1:101:H01D12101,256.66,3.13795045012342
Day3pt1:101:H01D12101,301.45,3.13795045012342
Day3pt1:101:H01D12101,203.34,3.13795045012342
Day3pt1:101:H01D12101,305.86,3.13795045012342
Day3pt1:101:H01D12101,224.59,3.13795045012342
Day3pt1:101:H01D12101,288.31,3.13795045012342
Day3pt1:101:H01D12101,185.24,3.13795045012342
Day3pt1:101:H01D12101,378.61,3.13795045012342
Day3pt1:101:H01D12101,177.28,3.13795045012342
Day3pt1:101:H01D12101,215.1,3.13795045012342
Day3pt1:101:H01D12101,175.27,3.13795045012342
Day3pt1:101:H01D12101,176.47,3.13795045012342
Day3pt1:101:H01D12101,177.23,3.13795045012342
Day3pt1:101:H01D12101,366.08,3.13795045012342
Day3pt1:101:H01D12101,175.09,3.13795045012342
Day3pt1:101:H01D12101,337.46,3.13795045012342
Day3pt1:101:H01D12101,175.74,3.13795045012342
Day3pt1:101:H01D12101,308.13,3.13795045012342
Day3pt1:101:H01D12101,176.87,3.13795045012342
Day3pt1:101:H01D12101,180.43,3.13795045012342
Day3pt1:101:H01D12101,172.26,3.13795045012342
Day3pt1:101:H01D12101,153.43,3.13795045012342
Day3pt1:101:H01D12101,343.83,3.13795045012342
Day3pt1:101:H01D12101,272.41,3.13795045012342
Day3pt1:101:H01D12101,208.33,3.13795045012342
Day3pt1:101:H01D12101,119.2,3.13795045012342
Day3pt1:101:H01D12101,214.76,3.13795045012342
Day3pt1:101:H01D12101,200.08,3.13795045012342
Day3pt1:101:H01D12101,356.76,3.13795045012342
Day3pt1:101:H01D12101,149.64,3.13795045012342
Day3pt1:101:H01D12101,226.35,3.13795045012342
Day3pt1:101:H01D12101,231.57,3.13795045012342
Day3pt1:101:H01D12101,159.04,3.13795045012342
Day3pt1:101:H01D12101,258.68,3.13795045012342
Day3pt1:101:H01D12101,295.61,3.13795045012342
Day3pt1:101:H01D12101,329.96,3.13795045012342
Day3pt1:101:H01D12101,246.22,3.13795045012342
Day3pt1:101:H01D12101,315.11,3.13795045012342
Day3pt1:101:H01D12101,188.09,3.13795045012342
Day3pt1:101:H01D12101,204.57,3.13795045012342
Day3pt1:101:H01D12101,169.77,3.13795045012342
Day3pt1:101:H01D12101,209.6,3.13795045012342
Day3pt1:101:H01D12101,180.19,3.13795045012342
Day3pt1:101:H01D12101,145.88,3.13795045012342
Day3pt1:101:H01D12101,198.6,3.13795045012342
Day3pt1:101:H01D12101,222.18,3.13795045012342
Day3pt1:101:H01D12101,222.07,3.13795045012342
Day3pt1:101:H01D12101,220.67,3.13795045012342
Day3pt1:101:H01D12101,221.55,3.13795045012342
Day3pt1:101:H01D12101,238.49,3.13795045012342
Day3pt1:101:H01D12101,234.77,3.13795045012342
Day3pt1:101:H01D12101,233.58,3.13795045012342
Day3pt1:101:H01D12101,223.44,3.13795045012342
Day3pt1:101:H01D12101,230.62,3.13795045012342
Day3pt1:101:H01D12101,220.06,3.13795045012342
Day3pt1:101:H01D12101,116.06,3.13795045012342
Day3pt1:101:H01D30101,250,3.08879082667263
Day3pt1:101:H01D30101,253.93,3.08879082667263
Day3pt1:101:H01D30101,223.43,3.08879082667263
Day3pt1:101:H01D30101,203.34,3.08879082667263
Day3pt1:101:H01D30101,274.54,3.08879082667263
Day3pt1:101:H01D30101,267.73,3.08879082667263
Day3pt1:101:H01D30101,269.3,3.08879082667263
Day3pt1:101:H01D30101,269.51,3.08879082667263
Day3pt1:101:H01D30101,272.02,3.08879082667263
Day3pt1:101:H01D30101,275.45,3.08879082667263
Day3pt1:101:H01D30101,275.71,3.08879082667263
Day3pt1:101:H01D30101,280.05,3.08879082667263
Day3pt1:101:H01D30101,270.47,3.08879082667263
Day3pt1:101:H01D30101,276.85,3.08879082667263
Day3pt1:101:H01D30101,271.78,3.08879082667263
Day3pt1:101:H01D30101,275.33,3.08879082667263
Day3pt1:101:H01D30101,277.53,3.08879082667263
Day3pt1:101:H01D30101,279.13,3.08879082667263
Day3pt1:101:H01D30101,266.93,3.08879082667263
Day3pt1:101:H01D30101,267.15,3.08879082667263
Day3pt1:101:H01D30101,280.62,3.08879082667263
Day3pt1:101:H01D30101,277.4,3.08879082667263
Day3pt1:101:H01D30101,277.65,3.08879082667263
Day3pt1:101:H01D30101,268.74,3.08879082667263
Day3pt1:101:H01D30101,349.59,3.08879082667263
Day3pt1:101:H01D30101,280.42,3.08879082667263
Day3pt1:101:H01D30101,276.12,3.08879082667263
Day3pt1:101:H01D30101,277.44,3.08879082667263
Day3pt1:101:H01D30101,278.24,3.08879082667263
Day3pt1:101:H01D30101,284.03,3.08879082667263
Day3pt1:101:H01D30101,287.19,3.08879082667263
Day3pt1:101:H01D30101,277.83,3.08879082667263
Day3pt1:101:H01D30101,322.24,3.08879082667263
Day3pt1:101:H01D30101,274.65,3.08879082667263
Day3pt1:101:H01D30101,280.96,3.08879082667263
Day3pt1:101:H01D30101,286.7,3.08879082667263
Day3pt1:101:H01D30101,188.52,3.08879082667263
Day3pt1:101:H01D30101,202.99,3.08879082667263
Day3pt1:101:H01D30101,250.71,3.08879082667263
Day3pt1:101:H01D30101,236.69,3.08879082667263
Day3pt1:101:H01D30101,245.21,3.08879082667263
Day3pt1:101:H01D30101,255.88,3.08879082667263
Day3pt1:101:H01D30101,245.31,3.08879082667263
Day3pt1:101:H01D30101,259.96,3.08879082667263
Day3pt1:101:H01D30101,259.25,3.08879082667263
Day3pt1:101:H01D30101,265.01,3.08879082667263
Day3pt1:101:H01D30101,214.72,3.08879082667263
Day3pt1:101:H01D30101,223.84,3.08879082667263
Day3pt1:101:H01D30101,215.81,3.08879082667263
Day3pt1:101:H01D30101,212.8,3.08879082667263
Day3pt1:101:H01D30101,219.77,3.08879082667263
Day3pt1:101:H01D30101,231.96,3.08879082667263
Day3pt1:101:H01D30101,319.08,3.08879082667263
Day3pt1:101:H01D30101,232.58,3.08879082667263
Day3pt1:101:H01D30101,204.82,3.08879082667263
Day3pt1:101:H01D30101,206.02,3.08879082667263
Day3pt1:101:H01D30101,206.45,3.08879082667263
Day3pt1:101:H01D30101,270.04,3.08879082667263
Day3pt1:101:H01D30101,234.52,3.08879082667263
Day3pt1:101:H01D30101,306.49,3.08879082667263
Day3pt1:101:H01D30101,221.54,3.08879082667263
Day3pt1:101:H01D30101,286.08,3.08879082667263
Day3pt1:101:H01D30101,278.42,3.08879082667263
Day3pt1:101:H01D30101,282.12,3.08879082667263
Day3pt1:101:H01D30101,280,3.08879082667263
Day3pt1:101:H01D30101,285,3.08879082667263
Day3pt1:101:H01D30101,282.01,3.08879082667263
Day3pt1:101:H01D30101,289.75,3.08879082667263
Day3pt1:101:H01D30101,271.47,3.08879082667263
Day3pt1:101:H01D30101,269.31,3.08879082667263
Day3pt1:101:H01D30101,277.07,3.08879082667263
Day3pt1:101:H01D30101,273.25,3.08879082667263
Day3pt1:101:H01D30101,262.37,3.08879082667263
Day3pt1:101:H01D30101,264.55,3.08879082667263
Day3pt1:101:H01D30101,269.67,3.08879082667263
Day3pt1:101:H01D30101,267.23,3.08879082667263
Day3pt1:101:H01D30101,261.85,3.08879082667263
Day3pt1:101:H01D30101,263.29,3.08879082667263
Day3pt1:101:H01D30101,263.38,3.08879082667263
Day3pt1:101:H01D30101,267.01,3.08879082667263
Day3pt1:101:H01D30101,269.88,3.08879082667263
Day3pt1:101:H01D30101,270.19,3.08879082667263
Day3pt1:101:H01D30101,275.03,3.08879082667263
Day3pt1:101:H01D30101,268,3.08879082667263
Day3pt1:101:H01D30101,270.91,3.08879082667263
Day3pt1:101:H01D30101,267.78,3.08879082667263
Day3pt1:101:H01D30101,282.19,3.08879082667263
Day3pt1:101:H01D30101,277.38,3.08879082667263
Day3pt1:101:H01D30101,273.23,3.08879082667263
Day3pt1:101:H01D30101,277.09,3.08879082667263
Day3pt1:101:H01D30101,278.81,3.08879082667263
Day3pt1:101:H01D30101,278.95,3.08879082667263
Day3pt1:101:H01D30101,276.09,3.08879082667263
Day3pt1:101:H01D30101,273.65,3.08879082667263
Day3pt1:101:H01D30101,272.06,3.08879082667263
Day3pt1:101:H01D30101,277.49,3.08879082667263
Day3pt1:101:H01D30101,271.47,3.08879082667263
Day3pt1:101:H01D30101,266.68,3.08879082667263
Day3pt1:101:H01D30101,268.99,3.08879082667263
Day3pt1:101:H01D30101,267.87,3.08879082667263
Day3pt1:101:H01D30101,275.76,3.08879082667263
Day3pt1:101:H01D30101,267.75,3.08879082667263
Day3pt1:101:H01D30101,263.25,3.08879082667263
Day3pt1:101:H01D30101,269.93,3.08879082667263
Day3pt1:101:H01D30101,272.87,3.08879082667263
Day3pt1:101:H01D30101,269.33,3.08879082667263
Day3pt1:101:H01D30101,270.88,3.08879082667263
Day3pt1:101:H01D30101,271.36,3.08879082667263
Day3pt1:101:H01D30101,269.92,3.08879082667263
Day3pt1:101:H01D30101,273.81,3.08879082667263
Day3pt1:101:H01D30101,271.24,3.08879082667263
Day3pt1:101:H01D30101,268.29,3.08879082667263
Day3pt1:101:H01D30101,276.63,3.08879082667263
Day3pt1:101:H01D30101,278.89,3.08879082667263
Day3pt1:101:H01D30101,277.28,3.08879082667263
Day3pt1:101:H01D30101,284.98,3.08879082667263
Day3pt1:101:H01D30101,273.22,3.08879082667263
Day3pt1:101:H01D30101,271.72,3.08879082667263
Day3pt1:101:H01D30101,269.8,3.08879082667263
Day3pt1:101:H01D30101,273.51,3.08879082667263
Day3pt1:101:H01D30101,278.57,3.08879082667263
Day3pt1:101:H01D30101,282.34,3.08879082667263
Day3pt1:101:H01D30101,275.62,3.08879082667263
Day3pt1:101:H01D30101,272.13,3.08879082667263
Day3pt1:101:H01D30101,266.67,3.08879082667263
Day3pt1:101:H01D30101,273.05,3.08879082667263
Day3pt1:101:H01D30101,271.03,3.08879082667263
Day3pt1:101:H01D30101,267.49,3.08879082667263
Day3pt1:101:H01D30101,258.43,3.08879082667263
Day3pt1:101:H01D30101,281.05,3.08879082667263
Day3pt1:101:H01D30101,280.59,3.08879082667263
Day3pt1:101:H01D30101,284.72,3.08879082667263
Day3pt1:101:H01D30101,275.27,3.08879082667263
Day3pt1:101:H01D30101,272.74,3.08879082667263
Day3pt1:101:H01D30101,283.48,3.08879082667263
Day3pt1:101:H01D30101,285.51,3.08879082667263
Day3pt1:101:H01D30101,280.74,3.08879082667263
Day3pt1:101:H01D30101,286.59,3.08879082667263
Day3pt1:101:H01D30101,284.48,3.08879082667263
Day3pt1:101:H01D30101,279.77,3.08879082667263
Day3pt1:101:H01D30101,272.39,3.08879082667263
Day3pt1:101:H01D30101,270.48,3.08879082667263
Day3pt1:101:H01D30101,275.66,3.08879082667263
Day3pt1:101:H01D30101,270.74,3.08879082667263
Day3pt1:101:H01D30101,371.53,3.08879082667263
Day3pt1:101:H01D30101,278.16,3.08879082667263
Day3pt1:101:H01D30101,356.36,3.08879082667263
Day3pt1:101:H01D30101,273.92,3.08879082667263
Day3pt1:101:H01D30101,373.3,3.08879082667263
Day3pt1:101:H01D30101,270.63,3.08879082667263
Day3pt1:101:H01D30101,342.89,3.08879082667263
Day3pt1:101:H01D30101,279.17,3.08879082667263
Day3pt1:101:H01D30101,321.75,3.08879082667263
Day3pt1:101:H01D30101,285.85,3.08879082667263
Day3pt1:101:H01D30101,287.42,3.08879082667263
Day3pt1:101:H01D30101,281.53,3.08879082667263
Day3pt1:101:H01D30101,275.89,3.08879082667263
Day3pt1:101:H01D30101,276.6,3.08879082667263
Day3pt1:101:H01D30101,277.98,3.08879082667263
Day3pt1:101:H01D30101,282.47,3.08879082667263
Day3pt1:101:H01D30101,270.85,3.08879082667263
Day3pt1:101:H01D30101,265.71,3.08879082667263
Day3pt1:101:H01D30101,277.39,3.08879082667263
Day3pt1:101:H01D30101,290.9,3.08879082667263
Day3pt1:101:H01D30101,295.51,3.08879082667263
Day3pt1:101:H01D30101,271.99,3.08879082667263
Day3pt1:101:H01D30101,270.07,3.08879082667263
Day3pt1:101:H01D30101,277.11,3.08879082667263
Day3pt1:101:H01D30101,282.43,3.08879082667263
Day3pt1:101:H01D30101,286.22,3.08879082667263
Day3pt1:101:H01D30101,284.16,3.08879082667263
Day3pt1:101:H01D30101,293.31,3.08879082667263
Day3pt1:101:H01D30101,275.18,3.08879082667263
Day3pt1:101:H01D30101,280.38,3.08879082667263
Day3pt1:101:H01D30101,292.65,3.08879082667263
Day3pt1:101:H01D30101,286.25,3.08879082667263
Day3pt1:101:H01D30101,303.18,3.08879082667263
Day3pt1:101:H01D30101,276.31,3.08879082667263
Day3pt1:101:H01D30101,283.97,3.08879082667263
Day3pt1:101:H01D30101,273,3.08879082667263
Day3pt1:101:H01D30101,282.46,3.08879082667263
Day3pt1:101:H01D30101,295.36,3.08879082667263
Day3pt1:101:H01D30101,279.65,3.08879082667263
Day3pt1:101:H01D30101,292.6,3.08879082667263
Day3pt1:101:H01D30101,282.41,3.08879082667263
Day3pt1:101:H01D30101,280.54,3.08879082667263
Day3pt1:101:H01D30101,273.5,3.08879082667263
Day3pt1:101:H01D30101,274.18,3.08879082667263
Day3pt1:101:H01D30101,271.42,3.08879082667263
Day3pt1:101:H01D30101,285.57,3.08879082667263
Day3pt1:103:H01D16103,178,3.17236684632207
Day3pt1:103:H01D16103,156.3,3.17236684632207
Day3pt1:103:H01D16103,164.39,3.17236684632207
Day3pt1:103:H01D16103,149.6,3.17236684632207
Day3pt1:103:H01D16103,152.17,3.17236684632207
Day3pt1:103:H01D16103,152.34,3.17236684632207
Day3pt1:103:H01D16103,141.26,3.17236684632207
Day3pt1:103:H01D16103,277.35,3.17236684632207
Day3pt1:103:H01D16103,335.2,3.17236684632207
Day3pt1:103:H01D16103,284.99,3.17236684632207
Day3pt1:103:H01D16103,228.98,3.17236684632207
Day3pt1:103:H01D16103,172.05,3.17236684632207
Day3pt1:103:H01D16103,265.6,3.17236684632207
Day3pt1:103:H01D16103,348.43,3.17236684632207
Day3pt1:103:H01D16103,98.27,3.17236684632207
Day3pt1:103:H01D16103,99.31,3.17236684632207
Day3pt1:103:H01D16103,187.17,3.17236684632207
Day3pt1:103:H01D16103,119.77,3.17236684632207
Day3pt1:103:H01D16103,156.83,3.17236684632207
Day3pt1:103:H01D16103,136.23,3.17236684632207
Day3pt1:103:H01D16103,329.01,3.17236684632207
Day3pt1:103:H01D16103,437.6,3.17236684632207
Day3pt1:103:H01D16103,190.11,3.17236684632207
Day3pt1:103:H01D16103,364.44,3.17236684632207
Day3pt1:103:H01D16103,170.94,3.17236684632207
Day3pt1:103:H01D16103,199.59,3.17236684632207
Day3pt1:103:H01D16103,77.7,3.17236684632207
Day3pt1:103:H01D16103,129.5,3.17236684632207
Day3pt1:103:H01D16103,132.97,3.17236684632207
Day3pt1:103:H01D16103,132.27,3.17236684632207
Day3pt1:103:H01D16103,195.09,3.17236684632207
Day3pt1:103:H01D16103,260.67,3.17236684632207
Day3pt1:103:H01D16103,278.47,3.17236684632207
Day3pt1:103:H01D16103,283.61,3.17236684632207
Day3pt1:103:H01D16103,126.57,3.17236684632207
Day3pt1:103:H01D16103,125.95,3.17236684632207
Day3pt1:103:H01D16103,132.09,3.17236684632207
Day3pt1:103:H01D16103,164.13,3.17236684632207
Day3pt1:103:H01D16103,233.2,3.17236684632207
Day3pt1:103:H01D16103,310.65,3.17236684632207
Day3pt1:103:H01D16103,214.07,3.17236684632207
Day3pt1:103:H01D16103,77.52,3.17236684632207
Day3pt1:103:H01D16103,91.3,3.17236684632207
Day3pt1:103:H01D16103,91.07,3.17236684632207
Day3pt1:103:H01D16103,262.72,3.17236684632207
Day3pt1:103:H01D16103,243.76,3.17236684632207
Day3pt1:103:H01D16103,151.94,3.17236684632207
Day3pt1:103:H01D16103,286.83,3.17236684632207
Day3pt1:103:H01D16103,288.6,3.17236684632207
Day3pt1:103:H01D16103,287.02,3.17236684632207
Day3pt1:103:H01D16103,285.62,3.17236684632207
Day3pt1:105:H01D15105,187.9,3.03955089866746
Day3pt1:105:H01D15105,242.35,3.03955089866746
Day3pt1:105:H01D15105,206.92,3.03955089866746
Day3pt1:105:H01D15105,277.59,3.03955089866746
Day3pt1:105:H01D15105,203.17,3.03955089866746
Day3pt1:105:H01D15105,208.42,3.03955089866746
Day3pt1:105:H01D15105,206.42,3.03955089866746
Day3pt1:105:H01D15105,206.19,3.03955089866746
Day3pt1:105:H01D15105,202.32,3.03955089866746
Day3pt1:105:H01D15105,201.56,3.03955089866746
Day3pt1:105:H01D15105,166.98,3.03955089866746
Day3pt1:105:H01D15105,230.1,3.03955089866746
Day3pt1:105:H01D15105,212.64,3.03955089866746
Day3pt1:105:H01D15105,179.97,3.03955089866746
Day3pt1:105:H01D15105,174.86,3.03955089866746
Day3pt1:105:H01D15105,180.48,3.03955089866746
Day3pt1:105:H01D15105,172.17,3.03955089866746
Day3pt1:105:H01D15105,170.15,3.03955089866746
Day3pt1:105:H01D15105,173.09,3.03955089866746
Day3pt1:105:H01D15105,172.62,3.03955089866746
Day3pt1:105:H01D15105,178.56,3.03955089866746
Day3pt1:105:H01D15105,171.71,3.03955089866746
Day3pt1:105:H01D15105,231.7,3.03955089866746
Day3pt1:105:H01D15105,220.37,3.03955089866746
Day3pt1:105:H01D15105,367.4,3.03955089866746
Day3pt1:105:H01D15105,271.41,3.03955089866746
Day3pt1:105:H01D15105,303.6,3.03955089866746
Day3pt1:105:H01D15105,226.27,3.03955089866746
Day3pt1:105:H01D15105,241.72,3.03955089866746
Day3pt1:105:H01D15105,170.08,3.03955089866746
Day3pt1:105:H01D15105,339.12,3.03955089866746
Day3pt1:105:H01D15105,378.64,3.03955089866746
Day3pt1:105:H01D15105,418.84,3.03955089866746
Day3pt1:105:H01D15105,310.66,3.03955089866746
Day3pt1:105:H01D15105,211.86,3.03955089866746
Day3pt1:105:H01D15105,210.65,3.03955089866746
Day3pt1:105:H01D15105,206.97,3.03955089866746
Day3pt1:105:H01D15105,204.26,3.03955089866746
Day3pt1:105:H01D15105,205.55,3.03955089866746
Day3pt1:105:H01D15105,206.72,3.03955089866746
Day3pt1:105:H01D15105,197.9,3.03955089866746
Day3pt1:105:H01D15105,201.77,3.03955089866746
Day3pt1:105:H01D15105,162.39,3.03955089866746
Day3pt1:105:H01D15105,203.2,3.03955089866746
Day3pt1:105:H01D15105,185.4,3.03955089866746
Day3pt1:105:H01D15105,177.59,3.03955089866746
Day3pt1:105:H01D15105,209.87,3.03955089866746
Day3pt1:105:H01D15105,204.96,3.03955089866746
Day3pt1:105:H01D15105,199.35,3.03955089866746
Day3pt1:105:H01D15105,334.54,3.03955089866746
Day3pt1:105:H01D15105,197.94,3.03955089866746
Day3pt1:105:H01D15105,328.02,3.03955089866746
Day3pt1:105:H01D15105,194.94,3.03955089866746
Day3pt1:105:H01D15105,198.48,3.03955089866746
Day3pt1:105:H01D15105,204.37,3.03955089866746
Day3pt1:105:H01D15105,177.53,3.03955089866746
Day3pt1:105:H01D15105,397.91,3.03955089866746
Day3pt1:105:H01D15105,272.16,3.03955089866746
Day3pt1:105:H01D15105,204.51,3.03955089866746
Day3pt1:105:H01D15105,191.67,3.03955089866746
Day3pt1:105:H01D15105,190.3,3.03955089866746
Day3pt1:105:H01D15105,242.42,3.03955089866746
Day3pt1:105:H01D15105,288.26,3.03955089866746
Day3pt1:105:H01D15105,260.65,3.03955089866746
Day3pt1:105:H01D15105,261.91,3.03955089866746
Day3pt1:105:H01D15105,179.15,3.03955089866746
Day3pt1:105:H01D15105,174.92,3.03955089866746
Day3pt1:105:H01D15105,172.07,3.03955089866746
Day3pt1:105:H01D15105,172.62,3.03955089866746
Day3pt1:105:H01D15105,175.33,3.03955089866746
Day3pt1:105:H01D15105,173.27,3.03955089866746
Day3pt1:105:H01D15105,169.68,3.03955089866746
Day3pt1:105:H01D15105,178.55,3.03955089866746
Day3pt1:105:H01D15105,178.34,3.03955089866746
Day3pt1:105:H01D15105,177.79,3.03955089866746
Day3pt1:105:H01D15105,172.24,3.03955089866746
Day3pt1:105:H01D15105,174.17,3.03955089866746
Day3pt1:105:H01D15105,172.28,3.03955089866746
Day3pt1:105:H01D15105,174.81,3.03955089866746
Day3pt1:105:H01D15105,170.88,3.03955089866746
Day3pt1:105:H01D15105,169.19,3.03955089866746
Day3pt1:105:H01D15105,170.89,3.03955089866746
Day3pt1:105:H01D15105,168.18,3.03955089866746
Day3pt1:105:H01D15105,168.53,3.03955089866746
Day3pt1:105:H01D15105,166.88,3.03955089866746
Day3pt1:105:H01D15105,167.01,3.03955089866746
Day3pt1:105:H01D15105,162.5,3.03955089866746
Day3pt1:105:H01D15105,167.35,3.03955089866746
Day3pt1:105:H01D15105,172.74,3.03955089866746
Day3pt1:105:H01D15105,174.66,3.03955089866746
Day3pt1:105:H01D15105,240.27,3.03955089866746
Day3pt1:105:H01D15105,216.84,3.03955089866746
Day3pt1:105:H01D15105,174.06,3.03955089866746
Day3pt1:105:H01D15105,173.26,3.03955089866746
Day3pt1:105:H01D15105,171.06,3.03955089866746
Day3pt1:105:H01D15105,173.93,3.03955089866746
Day3pt1:105:H01D15105,172.6,3.03955089866746
Day3pt1:105:H01D15105,170.65,3.03955089866746
Day3pt1:105:H01D15105,172.91,3.03955089866746
Day3pt1:105:H01D15105,175.41,3.03955089866746
Day3pt1:105:H01D15105,175.25,3.03955089866746
Day3pt1:105:H01D15105,175.07,3.03955089866746
Day3pt1:105:H01D15105,176.52,3.03955089866746
Day3pt1:105:H01D15105,173.69,3.03955089866746
Day3pt1:105:H01D15105,171.72,3.03955089866746
Day3pt1:105:H01D15105,272.95,3.03955089866746
Day3pt1:105:H01D27105,278.25,2.93311583276707
Day3pt1:105:H01D27105,275.2,2.93311583276707
Day3pt1:105:H01D27105,158.88,2.93311583276707
Day3pt1:105:H01D27105,182.1,2.93311583276707
Day3pt1:105:H01D27105,232.23,2.93311583276707
Day3pt1:105:H01D27105,249.21,2.93311583276707
Day3pt1:105:H01D27105,245.95,2.93311583276707
Day3pt1:105:H01D27105,234.18,2.93311583276707
Day3pt1:105:H01D27105,163.25,2.93311583276707
Day3pt1:105:H01D27105,163.29,2.93311583276707
Day3pt1:105:H01D27105,185.13,2.93311583276707
Day3pt1:105:H01D27105,163.4,2.93311583276707
Day3pt1:105:H01D27105,206.9,2.93311583276707
Day3pt1:105:H01D27105,176.93,2.93311583276707
Day3pt1:105:H01D27105,166.47,2.93311583276707
Day3pt1:105:H01D27105,153.62,2.93311583276707
Day3pt1:105:H01D27105,161.92,2.93311583276707
Day3pt1:105:H01D27105,205.79,2.93311583276707
Day3pt1:105:H01D27105,167.14,2.93311583276707
Day3pt1:105:H01D27105,280.47,2.93311583276707
Day3pt1:105:H01D27105,164.77,2.93311583276707
Day3pt1:105:H01D27105,217.23,2.93311583276707
Day3pt1:105:H01D27105,223.61,2.93311583276707
Day3pt1:105:H01D27105,193.18,2.93311583276707
Day3pt1:105:H01D27105,349.69,2.93311583276707
Day3pt1:105:H01D27105,446,2.93311583276707
Day3pt1:105:H01D27105,371.07,2.93311583276707
Day3pt1:105:H01D27105,193.09,2.93311583276707
Day3pt1:105:H01D27105,196.66,2.93311583276707
Day3pt1:105:H01D27105,158.21,2.93311583276707
Day3pt1:105:H01D27105,302.37,2.93311583276707
Day3pt1:105:H01D27105,300.72,2.93311583276707
Day3pt1:105:H01D27105,270.67,2.93311583276707
Day3pt1:105:H01D27105,258.75,2.93311583276707
Day3pt1:105:H01D27105,164.6,2.93311583276707
Day3pt1:105:H01D27105,261.46,2.93311583276707
Day3pt1:105:H01D27105,145.14,2.93311583276707
Day3pt1:105:H01D27105,226.25,2.93311583276707
Day3pt1:105:H01D27105,176.09,2.93311583276707
Day3pt1:105:H01D27105,131.21,2.93311583276707
Day3pt1:105:H01D27105,198.05,2.93311583276707
Day3pt1:105:H01D27105,224.32,2.93311583276707
Day3pt1:105:H01D27105,180.08,2.93311583276707
Day3pt1:105:H01D27105,255.57,2.93311583276707
Day3pt1:105:H01D27105,229.73,2.93311583276707
Day3pt1:105:H01D27105,195.02,2.93311583276707
Day3pt1:105:H01D27105,150.55,2.93311583276707
Day3pt1:105:H01D27105,283.04,2.93311583276707
Day3pt1:105:H01D27105,249.74,2.93311583276707
Day3pt1:105:H01D27105,173.34,2.93311583276707
Day3pt1:105:H01D27105,177.46,2.93311583276707
Day3pt1:105:H01D27105,252.46,2.93311583276707
Day3pt1:105:H01D27105,164.15,2.93311583276707
Day3pt1:105:H01D27105,240.44,2.93311583276707
Day3pt1:105:H01D27105,388.83,2.93311583276707
Day3pt1:105:H01D27105,250.68,2.93311583276707
Day3pt1:105:H01D27105,408.82,2.93311583276707
Day3pt1:105:H01D27105,248.44,2.93311583276707
Day3pt1:105:H01D27105,158.3,2.93311583276707
Day3pt1:105:H01D27105,252.43,2.93311583276707
Day3pt1:105:H01D27105,248.09,2.93311583276707
Day3pt1:105:H01D27105,249.89,2.93311583276707
Day3pt1:105:H01D27105,196.14,2.93311583276707
Day3pt1:105:H01D27105,426.98,2.93311583276707
Day3pt1:105:H01D27105,199.87,2.93311583276707
Day3pt1:105:H01D27105,252.96,2.93311583276707
Day3pt1:105:H01D27105,414.79,2.93311583276707
Day3pt1:105:H01D27105,253.06,2.93311583276707
Day3pt1:105:H01D27105,425.96,2.93311583276707
Day3pt1:105:H01D27105,426.8,2.93311583276707
Day3pt1:105:H01D27105,175.68,2.93311583276707
Day3pt1:105:H01D27105,174.99,2.93311583276707
Day3pt1:105:H01D27105,175.71,2.93311583276707
Day3pt1:105:H01D27105,285.91,2.93311583276707
Day3pt1:105:H01D27105,245.66,2.93311583276707
Day3pt1:105:H01D27105,457.42,2.93311583276707
Day3pt1:105:H01D27105,216.13,2.93311583276707
Day3pt1:105:H01D27105,259.87,2.93311583276707
Day3pt1:105:H01D27105,254.36,2.93311583276707
Day3pt1:105:H01D27105,367.32,2.93311583276707
Day3pt1:105:H01D27105,253.81,2.93311583276707
Day3pt1:105:H01D27105,460.35,2.93311583276707
Day3pt1:105:H01D27105,274.69,2.93311583276707
Day3pt1:105:H01D27105,213.24,2.93311583276707
Day3pt1:105:H01D27105,474.3,2.93311583276707
Day3pt1:105:H01D27105,518.03,2.93311583276707
Day3pt1:105:H01D27105,216.11,2.93311583276707
Day3pt1:105:H01D27105,484.88,2.93311583276707
Day3pt1:105:H01D27105,424.49,2.93311583276707
Day3pt1:105:H01D27105,466.43,2.93311583276707
Day3pt1:108:H01D25108,254.31,3.63761346721291
Day3pt1:108:H01D25108,307.38,3.63761346721291
Day3pt1:108:H01D25108,278.29,3.63761346721291
Day3pt1:108:H01D25108,264.83,3.63761346721291
Day3pt1:108:H01D25108,229.39,3.63761346721291
Day3pt1:108:H01D25108,298.06,3.63761346721291
Day3pt1:108:H01D25108,220.51,3.63761346721291
Day3pt1:108:H01D25108,265.13,3.63761346721291
Day3pt1:108:H01D25108,231.36,3.63761346721291
Day3pt1:108:H01D25108,185.02,3.63761346721291
Day3pt1:108:H01D25108,257.56,3.63761346721291
Day3pt1:108:H01D25108,651.86,3.63761346721291
Day3pt1:108:H01D25108,472.33,3.63761346721291
Day3pt1:108:H01D25108,284.54,3.63761346721291
Day3pt1:108:H01D25108,275.2,3.63761346721291
Day3pt1:108:H01D25108,264.38,3.63761346721291
Day3pt1:108:H01D25108,223.41,3.63761346721291
Day3pt1:108:H01D25108,376.03,3.63761346721291
Day3pt1:108:H01D25108,162.17,3.63761346721291
Day3pt1:108:H01D25108,230.29,3.63761346721291
Day3pt1:108:H01D25108,316.4,3.63761346721291
Day3pt1:108:H01D25108,275.23,3.63761346721291
Day3pt1:108:H01D25108,234.91,3.63761346721291
Day3pt1:108:H01D25108,271.75,3.63761346721291
Day3pt1:108:H01D25108,178.25,3.63761346721291
Day3pt1:108:H01D25108,179.44,3.63761346721291
Day3pt1:108:H01D25108,254.9,3.63761346721291
Day3pt1:108:H01D25108,272.32,3.63761346721291
Day3pt1:108:H01D25108,220.71,3.63761346721291
Day3pt1:108:H01D25108,178.05,3.63761346721291
Day3pt1:108:H01D25108,179.24,3.63761346721291
Day3pt1:108:H01D25108,171.41,3.63761346721291
Day3pt1:108:H01D25108,346.05,3.63761346721291
Day3pt1:108:H01D25108,332.76,3.63761346721291
Day3pt1:108:H01D25108,344.42,3.63761346721291
Day3pt1:108:H01D25108,390.02,3.63761346721291
Day3pt1:108:H01D25108,247.3,3.63761346721291
Day3pt1:108:H01D25108,354.11,3.63761346721291
Day3pt1:108:H01D25108,210.93,3.63761346721291
Day3pt1:108:H01D25108,328.3,3.63761346721291
Day3pt1:108:H01D25108,199.27,3.63761346721291
Day3pt1:108:H01D25108,188.05,3.63761346721291
Day3pt1:108:H01D25108,325.63,3.63761346721291
Day3pt1:108:H01D25108,177.57,3.63761346721291
Day3pt1:108:H01D25108,745.06,3.63761346721291
Day3pt1:108:H01D25108,556.19,3.63761346721291
Day3pt1:108:H01D25108,277.37,3.63761346721291
Day3pt1:108:H01D25108,186.78,3.63761346721291
Day3pt1:108:H01D25108,172.04,3.63761346721291
Day3pt1:108:H01D25108,197.49,3.63761346721291
Day3pt1:108:H01D25108,165.73,3.63761346721291
Day3pt1:108:H01D25108,185.85,3.63761346721291
Day3pt1:108:H01D25108,354.3,3.63761346721291
Day3pt1:108:H01D25108,244.92,3.63761346721291
Day3pt1:108:H01D25108,256.13,3.63761346721291
Day3pt1:108:H01D25108,350.16,3.63761346721291
Day3pt1:108:H01D25108,196.74,3.63761346721291
Day3pt1:108:H01D25108,237.32,3.63761346721291
Day3pt1:108:H01D25108,362.35,3.63761346721291
Day3pt1:108:H01D25108,272.81,3.63761346721291
Day3pt1:108:H01D25108,187.01,3.63761346721291
Day3pt1:108:H01D25108,191.79,3.63761346721291
Day3pt1:108:H01D25108,197.9,3.63761346721291
Day3pt1:108:H01D25108,192.32,3.63761346721291
Day3pt1:108:H01D25108,197.91,3.63761346721291
Day3pt1:108:H01D25108,409.77,3.63761346721291
Day3pt1:108:H01D25108,342.38,3.63761346721291
Day3pt1:108:H01D25108,365.79,3.63761346721291
Day3pt1:108:H01D25108,356.78,3.63761346721291
Day3pt1:108:H01D25108,441.42,3.63761346721291
Day 3pt2:105:H1D09T105,127.42,2.79872063069336
Day 3pt2:105:H1D09T105,148.07,2.79872063069336
Day 3pt2:105:H1D09T105,266.88,2.79872063069336
Day 3pt2:105:H1D09T105,315.88,2.79872063069336
Day 3pt2:105:H1D09T105,330.98,2.79872063069336
Day 3pt2:105:H1D09T105,295.04,2.79872063069336
Day 3pt2:105:H1D09T105,294.96,2.79872063069336
Day 3pt2:105:H1D09T105,185.58,2.79872063069336
Day 3pt2:105:H1D09T105,192.86,2.79872063069336
Day 3pt2:105:H1D09T105,187.58,2.79872063069336
Day 3pt2:105:H1D09T105,128.01,2.79872063069336
Day 3pt2:105:H1D09T105,192.74,2.79872063069336
Day 3pt2:105:H1D09T105,231.63,2.79872063069336
Day 3pt2:105:H1D09T105,213.86,2.79872063069336
Day 3pt2:105:H1D09T105,326.25,2.79872063069336
Day 3pt2:105:H1D09T105,316.61,2.79872063069336
Day 3pt2:105:H1D09T105,318.1,2.79872063069336
Day 3pt2:105:H1D09T105,317.06,2.79872063069336
Day 3pt2:105:H1D09T105,279.43,2.79872063069336
Day 3pt2:105:H1D09T105,189.48,2.79872063069336
Day 3pt2:105:H1D09T105,186.58,2.79872063069336
Day 3pt2:105:H1D09T105,192.32,2.79872063069336
Day 3pt2:105:H1D09T105,137.77,2.79872063069336
Day 3pt2:105:H1D09T105,137.5,2.79872063069336
Day 3pt2:105:H1D09T105,331.51,2.79872063069336
Day 3pt2:105:H1D09T105,177.87,2.79872063069336
Day 3pt2:105:H1D09T105,145.64,2.79872063069336
Day 3pt2:105:H1D09T105,185.79,2.79872063069336
Day 3pt2:105:H1D09T105,243.35,2.79872063069336
Day 3pt2:105:H1D09T105,155.63,2.79872063069336
Day 3pt2:105:H1D09T105,234.61,2.79872063069336
Day 3pt2:105:H1D09T105,238.03,2.79872063069336
Day 3pt2:105:H1D09T105,151.87,2.79872063069336
Day 3pt2:105:H1D09T105,200.91,2.79872063069336
Day 3pt2:105:H1D09T105,204.51,2.79872063069336
Day 3pt2:105:H1D09T105,200.91,2.79872063069336
Day 3pt2:105:H1D09T105,204.78,2.79872063069336
Day 3pt2:105:H1D09T105,368.02,2.79872063069336
Day 3pt2:105:H1D09T105,266.3,2.79872063069336
Day 3pt2:105:H1D09T105,275.43,2.79872063069336
Day 3pt2:105:H1D09T105,267.17,2.79872063069336
Day 3pt2:105:H1D09T105,239.45,2.79872063069336
Day 3pt2:105:H1D09T105,217.96,2.79872063069336
Day 3pt2:105:H1D09T105,221.1,2.79872063069336
Day 3pt2:105:H1D09T105,203.96,2.79872063069336
Day 3pt2:105:H1D09T105,250.77,2.79872063069336
Day 3pt2:105:H1D09T105,280.69,2.79872063069336
Day 3pt2:105:H1D09T105,318.32,2.79872063069336
Day 3pt2:105:H1D09T105,317.35,2.79872063069336
Day 3pt2:105:H1D09T105,317.66,2.79872063069336
Day 3pt2:105:H1D09T105,321.97,2.79872063069336
Day 3pt2:105:H1D09T105,323.33,2.79872063069336
Day 3pt2:105:H1D09T105,328.01,2.79872063069336
Day 3pt2:105:H1D09T105,320.83,2.79872063069336
Day 3pt2:105:H1D09T105,318.86,2.79872063069336
Day 3pt2:105:H1D09T105,330.23,2.79872063069336
Day 3pt2:105:H1D09T105,330.19,2.79872063069336
Day 3pt2:105:H1D09T105,316.78,2.79872063069336
Day 3pt2:105:H1D09T105,324.21,2.79872063069336
Day 3pt2:105:H1D09T105,315.24,2.79872063069336
Day 3pt2:105:H1D09T105,317.01,2.79872063069336
Day 3pt2:105:H1D09T105,316.52,2.79872063069336
Day 3pt2:105:H1D09T105,317.94,2.79872063069336
Day 3pt2:105:H1D09T105,319.73,2.79872063069336
Day 3pt2:105:H1D09T105,318.48,2.79872063069336
Day 3pt2:105:H1D09T105,316.49,2.79872063069336
Day 3pt2:105:H1D09T105,317.93,2.79872063069336
Day 3pt2:105:H1D09T105,314.89,2.79872063069336
Day 3pt2:105:H1D09T105,317.79,2.79872063069336
Day 3pt2:105:H1D09T105,319.77,2.79872063069336
Day 3pt2:105:H1D09T105,317.14,2.79872063069336
Day 3pt2:105:H1D09T105,314.62,2.79872063069336
Day 3pt2:105:H1D09T105,316.54,2.79872063069336
Day 3pt2:105:H1D09T105,315.13,2.79872063069336
Day 3pt2:105:H1D09T105,308.06,2.79872063069336
Day 3pt2:105:H1D09T105,316.67,2.79872063069336
Day 3pt2:105:H1D09T105,223.01,2.79872063069336
Day 3pt2:105:H1D09T105,145.36,2.79872063069336
Day 3pt2:105:H1D09T105,284.51,2.79872063069336
Day 3pt2:105:H1D09T105,282.39,2.79872063069336
Day 3pt2:105:H1D09T105,276.31,2.79872063069336
Day 3pt2:105:H1D09T105,279.87,2.79872063069336
Day 3pt2:105:H1D09T105,281.94,2.79872063069336
Day 3pt2:105:H1D09T105,281.72,2.79872063069336
Day 3pt2:105:H1D09T105,279.34,2.79872063069336
Day 3pt2:105:H1D09T105,275.85,2.79872063069336
Day 3pt2:105:H1D09T105,278.77,2.79872063069336
Day 3pt2:105:H1D09T105,191.89,2.79872063069336
Day 3pt2:105:H1D09T105,191.9,2.79872063069336
Day 3pt2:105:H1D09T105,187.62,2.79872063069336
Day 3pt2:105:H1D09T105,189.43,2.79872063069336
Day 3pt2:105:H1D09T105,185.89,2.79872063069336
Day 3pt2:105:H1D09T105,186.31,2.79872063069336
Day 3pt2:105:H1D09T105,187.33,2.79872063069336
Day 3pt2:105:H1D09T105,187.26,2.79872063069336
Day 3pt2:105:H1D09T105,190.32,2.79872063069336
Day 3pt2:105:H1D09T105,186.28,2.79872063069336
Day 3pt2:105:H1D09T105,189.87,2.79872063069336
Day 3pt2:105:H1D09T105,191.58,2.79872063069336
Day 3pt2:105:H1D09T105,187.88,2.79872063069336
Day 3pt2:105:H1D09T105,189.95,2.79872063069336
Day 3pt2:105:H1D09T105,187.03,2.79872063069336
Day 3pt2:105:H1D09T105,188.62,2.79872063069336
Day 3pt2:105:H1D09T105,189.23,2.79872063069336
Day 3pt2:105:H1D09T105,191.9,2.79872063069336
Day 3pt2:105:H1D09T105,187.78,2.79872063069336
Day 3pt2:105:H1D09T105,188.04,2.79872063069336
Day 3pt2:105:H1D09T105,189.59,2.79872063069336
Day 3pt2:105:H1D09T105,186.76,2.79872063069336
Day 3pt2:105:H1D09T105,185.45,2.79872063069336
Day 3pt2:105:H1D09T105,191.82,2.79872063069336
Day 3pt2:105:H1D09T105,190.71,2.79872063069336
Day 3pt2:105:H1D09T105,192.42,2.79872063069336
Day 3pt2:105:H1D09T105,193.92,2.79872063069336
Day 3pt2:108:H1D07T108,266.99,3.87566848551693
Day 3pt2:108:H1D07T108,233.94,3.87566848551693
Day 3pt2:108:H1D07T108,251.2,3.87566848551693
Day 3pt2:108:H1D07T108,236.19,3.87566848551693
Day 3pt2:108:H1D07T108,292.61,3.87566848551693
Day 3pt2:108:H1D07T108,462.3,3.87566848551693
Day 3pt2:108:H1D07T108,282.51,3.87566848551693
Day 3pt2:108:H1D07T108,384.77,3.87566848551693
Day 3pt2:108:H1D07T108,375.53,3.87566848551693
Day 3pt2:108:H1D07T108,377.76,3.87566848551693
Day 3pt2:108:H1D07T108,367.18,3.87566848551693
Day 3pt2:108:H1D07T108,396.35,3.87566848551693
Day 3pt2:108:H1D07T108,379.8,3.87566848551693
Day 3pt2:108:H1D07T108,385.6,3.87566848551693
Day 3pt2:108:H1D07T108,376.61,3.87566848551693
Day 3pt2:108:H1D07T108,378.16,3.87566848551693
Day 3pt2:108:H1D07T108,386.08,3.87566848551693
Day 3pt2:108:H1D07T108,379.51,3.87566848551693
Day 3pt2:108:H1D07T108,379.34,3.87566848551693
Day 3pt2:108:H1D07T108,391.58,3.87566848551693
Day 3pt2:108:H1D07T108,395.39,3.87566848551693
Day 3pt2:108:H1D07T108,411.53,3.87566848551693
Day 3pt2:108:H1D07T108,311.29,3.87566848551693
Day 3pt2:108:H1D07T108,279.82,3.87566848551693
Day 3pt2:108:H1D07T108,283.75,3.87566848551693
Day 3pt2:108:H1D07T108,240.15,3.87566848551693
Day 3pt2:108:H1D07T108,251.19,3.87566848551693
Day 3pt2:108:H1D07T108,249.26,3.87566848551693
Day 3pt2:108:H1D07T108,286.86,3.87566848551693
Day 3pt2:108:H1D07T108,274.2,3.87566848551693
Day 3pt2:108:H1D07T108,261.65,3.87566848551693
Day 3pt2:108:H1D07T108,236.04,3.87566848551693
Day 3pt2:108:H1D07T108,232.56,3.87566848551693
Day 3pt2:108:H1D07T108,229.74,3.87566848551693
Day 3pt2:108:H1D07T108,233.29,3.87566848551693
Day 3pt2:108:H1D07T108,236.82,3.87566848551693
Day 3pt2:108:H1D07T108,233.32,3.87566848551693
Day 3pt2:108:H1D07T108,232.07,3.87566848551693
Day 3pt2:108:H1D07T108,233.04,3.87566848551693
Day 3pt2:108:H1D07T108,234.08,3.87566848551693
Day 3pt2:108:H1D07T108,234.06,3.87566848551693
Day 3pt2:108:H1D07T108,233.59,3.87566848551693
Day 3pt2:108:H1D07T108,237.14,3.87566848551693
Day 3pt2:108:H1D07T108,223.43,3.87566848551693
Day 3pt2:108:H1D07T108,375.62,3.87566848551693
Day 3pt2:108:H1D07T108,270.2,3.87566848551693
Day 3pt2:108:H1D07T108,289.82,3.87566848551693
Day 3pt2:108:H1D07T108,289.81,3.87566848551693
Day 3pt2:108:H1D07T108,288.59,3.87566848551693
Day 3pt2:108:H1D07T108,292.3,3.87566848551693
Day 3pt2:108:H1D07T108,265.74,3.87566848551693
Day 3pt2:108:H1D07T108,349.01,3.87566848551693
Day 3pt2:108:H1D07T108,357.48,3.87566848551693
Day 3pt2:108:H1D07T108,239.52,3.87566848551693
Day 3pt2:108:H1D07T108,243.85,3.87566848551693
Day 3pt2:108:H1D07T108,243.83,3.87566848551693
Day 3pt2:108:H1D07T108,244.38,3.87566848551693
Day 3pt2:108:H1D07T108,244.35,3.87566848551693
Day 3pt2:108:H1D07T108,284.5,3.87566848551693
Day 3pt2:108:H1D07T108,278.67,3.87566848551693
Day 3pt2:108:H1D07T108,282.07,3.87566848551693
Day 3pt2:108:H1D07T108,283.93,3.87566848551693
Day 3pt2:108:H1D07T108,280.36,3.87566848551693
Day 3pt2:108:H1D07T108,280.21,3.87566848551693
Day 3pt2:108:H1D07T108,239.65,3.87566848551693
Day 3pt2:108:H1D07T108,237.02,3.87566848551693
Day 3pt2:108:H1D07T108,426.56,3.87566848551693
Day 3pt2:108:H1D07T108,330.41,3.87566848551693
Day 3pt2:108:H1D07T108,318.48,3.87566848551693
Day 3pt2:108:H1D07T108,361.33,3.87566848551693
Day 3pt2:108:H1D07T108,366.89,3.87566848551693
Day 3pt2:108:H1D07T108,265.38,3.87566848551693
Day 3pt2:108:H1D07T108,267.35,3.87566848551693
Day 3pt2:108:H1D07T108,285.25,3.87566848551693
Day 3pt2:108:H1D07T108,289.65,3.87566848551693
Day 3pt2:108:H1D07T108,285.71,3.87566848551693
Day 3pt2:108:H1D07T108,370.68,3.87566848551693
Day 3pt2:108:H1D07T108,367.66,3.87566848551693
Day 3pt2:108:H1D07T108,376.2,3.87566848551693
Day 3pt2:108:H1D07T108,374.71,3.87566848551693
Day 3pt2:108:H1D07T108,372.8,3.87566848551693
Day 3pt2:108:H1D07T108,375.97,3.87566848551693
Day 3pt2:108:H1D07T108,366.27,3.87566848551693
Day 3pt2:108:H1D07T108,364.37,3.87566848551693
Day 3pt2:108:H1D07T108,366.44,3.87566848551693
Day 3pt2:108:H1D07T108,369.97,3.87566848551693
Day 3pt2:108:H1D07T108,376.29,3.87566848551693
Day 3pt2:108:H1D07T108,374.22,3.87566848551693
Day 3pt2:108:H1D07T108,366.63,3.87566848551693
Day 3pt2:108:H1D07T108,372.99,3.87566848551693
Day 3pt2:108:H1D07T108,378.86,3.87566848551693
Day 3pt2:108:H1D07T108,376.45,3.87566848551693
Day 3pt2:108:H1D07T108,386.49,3.87566848551693
Day 3pt2:108:H1D07T108,377.31,3.87566848551693
Day 3pt2:108:H1D07T108,382.85,3.87566848551693
Day 3pt2:108:H1D07T108,382.21,3.87566848551693
Day 3pt2:108:H1D07T108,380.81,3.87566848551693
Day 3pt2:108:H1D07T108,375.24,3.87566848551693
Day 3pt2:108:H1D07T108,370.85,3.87566848551693
Day 3pt2:108:H1D07T108,375.98,3.87566848551693
Day 3pt2:108:H1D07T108,381.27,3.87566848551693
Day 3pt2:108:H1D07T108,369.74,3.87566848551693
Day 3pt2:108:H1D07T108,373.67,3.87566848551693
Day 3pt2:108:H1D07T108,382.87,3.87566848551693
Day 3pt2:108:H1D07T108,388.3,3.87566848551693
Day 3pt2:108:H1D07T108,378.45,3.87566848551693
Day 3pt2:108:H1D07T108,379.28,3.87566848551693
Day 3pt2:108:H1D07T108,386.27,3.87566848551693
Day 3pt2:108:H1D07T108,388.04,3.87566848551693
Day 3pt2:108:H1D07T108,380.93,3.87566848551693
Day 3pt2:108:H1D07T108,387.91,3.87566848551693
Day 3pt2:108:H1D07T108,391.45,3.87566848551693
Day 3pt2:108:H1D07T108,381.86,3.87566848551693
Day 3pt2:108:H1D07T108,377.89,3.87566848551693
Day 3pt2:108:H1D07T108,379.08,3.87566848551693
Day 3pt2:108:H1D07T108,372.74,3.87566848551693
Day 3pt2:108:H1D07T108,390.31,3.87566848551693
Day 3pt2:108:H1D07T108,379.67,3.87566848551693
Day 3pt2:108:H1D07T108,383.89,3.87566848551693
Day 3pt2:108:H1D07T108,399.03,3.87566848551693
Day 3pt2:108:H1D07T108,395.07,3.87566848551693
Day 3pt2:108:H1D07T108,387.34,3.87566848551693
Day 3pt2:108:H1D07T108,407.62,3.87566848551693
Day 3pt2:108:H1D07T108,403.81,3.87566848551693
Day 3pt2:108:H1D07T108,411.55,3.87566848551693
